hik-humof-base,15/07/2026 15:42:57,====> Epoch: 0 elapse: 1186.15 train_losses=0.49797 train_loss_joints=0.21230 train_loss_root=0.28567 lr: 0.00050
hik-humof-base,15/07/2026 16:02:40,====> Epoch: 1 elapse: 1183.66 train_losses=0.27540 train_loss_joints=0.09605 train_loss_root=0.17934 lr: 0.00049
hik-humof-base,15/07/2026 16:22:18,====> Epoch: 2 elapse: 1177.73 train_losses=0.26139 train_loss_joints=0.09275 train_loss_root=0.16863 lr: 0.00049
hik-humof-base,15/07/2026 16:41:58,====> Epoch: 3 elapse: 1179.44 train_losses=0.25502 train_loss_joints=0.09064 train_loss_root=0.16438 lr: 0.00048
hik-humof-base,15/07/2026 17:01:33,====> Epoch: 4 elapse: 1175.36 train_losses=0.25058 train_loss_joints=0.08937 train_loss_root=0.16122 lr: 0.00047
hik-humof-base,15/07/2026 17:21:14,====> Epoch: 5 elapse: 1181.42 train_losses=0.24796 train_loss_joints=0.08854 train_loss_root=0.15942 lr: 0.00046
"
",result_dir='./results/hik-releaseV0.1-base' epoch=5,15/07/2026 17:32:15
err,0,1,2,3,4,5,6,7,8,9,10,11,12,13,14,15,16,17,18,19,20,21,22,23,24,25,26,27,28,29,30,31,32,33,34,35,36,37,38,39,40,41,42,43,44,45,46,47,48,49,mean
path_err,6.785663079978159,8.854297985876245,12.797942928785321,16.628720127798978,20.872737649109855,25.561027954530797,30.27772816267986,35.04485645440552,39.951837129858085,44.92854990960617,49.889587061761304,54.889566352928576,60.040968653822794,65.37339675029783,70.66389652502028,75.80060582812335,80.75862461320355,85.58983566224475,90.31510853039205,94.98166572429945,99.60989024823532,104.26747211115173,109.03241625855242,113.9316480947001,118.95530290144262,124.02410439092905,128.9869881187089,133.75762224994412,138.4423850264127,143.13863521469273,147.892842637317,152.72301265197473,157.65695138246414,162.60676216597327,167.41286159521758,172.04480146930638,176.59981805780814,181.21898427884133,185.91950563217185,190.65270701398097,195.51021781777052,200.43656173366088,205.23276228144653,209.9148428126719,214.58706058207443,219.22625013260725,223.80308312606059,228.38395847554736,233.10216490104014,237.89750801504357,120.93951476924941
joint_err,8.301184668767926,12.855317066042208,18.651188669768423,24.61233474240624,30.34640802219091,35.642226875199675,40.432131993718066,44.55403921325561,48.009110899106325,51.02540906068674,53.88179310928487,56.63010055959777,59.17306529444921,61.56801211038742,63.81007340645975,65.8446289072499,67.73950234949906,69.55909566882171,71.23948061036911,72.78330012524206,74.18205250887283,75.51088618971333,76.84843612829434,78.17484954899341,79.5191201852495,80.88623055424884,82.23667882565144,83.4715184497355,84.53721108724237,85.52108843843547,86.45585085588138,87.42818074682131,88.43057928359214,89.47656608754569,90.39452265794652,91.23176522864304,92.05242921255078,92.90916907752906,93.80286370452605,94.69297947156866,95.60828722640929,96.46955449029389,97.23497881677045,97.96214896193247,98.65609313593576,99.31134386929203,99.86170200279211,100.42272069102417,101.06975201541684,101.67543255183277,73.05386790714489
all_joint_err,11.014791630925133,16.270774321667673,23.480014052186,30.625319439233426,37.818251783643845,45.0850718154713,51.898527604579705,58.06811369673638,63.839797942114174,69.42613481515231,74.97382333368864,80.55371750707124,86.19984618944702,91.93402822212215,97.54912958484239,102.90912324000847,108.039617973192,113.04468653734976,117.92662665938519,122.7361940355798,127.48848884740765,132.27485007309403,137.2392633605775,142.33487400670234,147.5755185762848,152.8948443292068,158.0973373160792,163.0484685856527,167.81023282842457,172.59696791226733,177.46715425376271,182.50156325638937,187.7030731515489,192.97410372705232,198.03791739190353,202.86655378022866,207.56187862473914,212.33535343672145,217.2368610363531,222.2212633179452,227.36565330582465,232.51668860930076,237.47153819069243,242.24443684557508,246.9243663655391,251.55976718545523,256.0940370282908,260.6760622646794,265.4354783688394,270.23231912539586,147.9236101097266
err,0,12,25,49,mean
path_err,6.785663079978159,60.040968653822794,124.02410439092905,237.89750801504357,120.93951476924941
joint_err,8.301184668767926,59.17306529444921,80.88623055424884,101.67543255183277,73.05386790714489
all_joint_err,11.014791630925133,86.19984618944702,152.8948443292068,270.23231912539586,147.9236101097266
hik-humof-base,15/07/2026 17:52:03,====> Epoch: 6 elapse: 1178.78 train_losses=0.24579 train_loss_joints=0.08790 train_loss_root=0.15789 lr: 0.00046
hik-humof-base,15/07/2026 18:11:41,====> Epoch: 7 elapse: 1178.33 train_losses=0.24357 train_loss_joints=0.08716 train_loss_root=0.15641 lr: 0.00045
hik-humof-base,15/07/2026 18:31:20,====> Epoch: 8 elapse: 1178.98 train_losses=0.24201 train_loss_joints=0.08676 train_loss_root=0.15525 lr: 0.00044
hik-humof-base,15/07/2026 18:50:58,====> Epoch: 9 elapse: 1177.73 train_losses=0.24025 train_loss_joints=0.08614 train_loss_root=0.15411 lr: 0.00044
hik-humof-base,15/07/2026 19:10:36,====> Epoch: 10 elapse: 1177.73 train_losses=0.23921 train_loss_joints=0.08577 train_loss_root=0.15344 lr: 0.00043
hik-humof-base,15/07/2026 19:30:18,====> Epoch: 11 elapse: 1181.50 train_losses=0.23825 train_loss_joints=0.08542 train_loss_root=0.15283 lr: 0.00042
"
",result_dir='./results/hik-releaseV0.1-base' epoch=11,15/07/2026 19:41:15
err,0,1,2,3,4,5,6,7,8,9,10,11,12,13,14,15,16,17,18,19,20,21,22,23,24,25,26,27,28,29,30,31,32,33,34,35,36,37,38,39,40,41,42,43,44,45,46,47,48,49,mean
path_err,6.013564349959784,8.036277863871923,11.195167242493461,14.785666497051489,18.748754893296976,23.039215165527917,27.636849579976296,32.383001895864545,37.152502510870434,41.94190294850182,46.74231577220251,51.528865267414936,56.33453698510404,61.193420883008294,65.98035613738047,70.6996067264779,75.42839981904238,80.1903375456569,84.8662539639565,89.41581809960896,93.87038248031992,98.3395116966087,102.87031023684578,107.46443135327905,112.12028060128236,116.85307540170437,121.5677093977697,126.2174132311893,130.81224451780935,135.36302241089314,139.87192248450353,144.33857137862356,148.85538297481332,153.44686410181103,158.08222879303423,162.76455664594855,167.44329062226947,172.11994211319785,176.81609213017092,181.5076132455399,186.26133385916066,191.0694819908884,195.83106743784012,200.5843328878956,205.37929513356258,210.15667188966407,214.90268953809112,219.60824970741834,224.34883433043314,229.1594827687771,114.62678199017226
joint_err,7.46617441417562,11.754899628346061,17.496196485466008,23.187697314143705,28.43559419804477,33.102407585051154,37.4811617387245,41.47396974696919,44.91976114088162,47.89133292711029,50.61057973027574,53.07188464359497,55.291423630413725,57.45043189053549,59.63471706669629,61.723457102245916,63.72312093972979,65.68503753879189,67.53013173763267,69.24389263558689,70.7853672089973,72.2374828992834,73.68053188622495,75.08004133307523,76.42079258269406,77.7191913357949,78.99133324206483,80.22150819813511,81.43920981581496,82.72064127941621,83.93955502425297,85.03049767827068,85.96710380024686,86.86422694872404,87.66166369724085,88.43188288725902,89.22502864477681,90.0717957496933,90.9580959862189,91.82052732944996,92.6681090009881,93.421882589326,94.04568773800615,94.6268073296297,95.22726714765024,95.88127409029724,96.5008640647967,97.14963866881443,97.85821173006669,98.50437641868365,70.04648936800619
all_joint_err,10.011785709374292,14.876096228202993,21.548298970849803,28.27466502185651,34.594355324556936,40.680706247408835,46.95862141754685,53.15235015777555,59.01046229285539,64.5647832342347,69.9237616812815,75.07389305645418,80.15464264613628,85.32761088295777,90.52574824750685,95.6191543006839,100.677350420228,105.78179754324732,110.79943364848664,115.66527803479276,120.37003283949178,125.07975655764255,129.9120825015562,134.77178169517708,139.65853788337887,144.60983544094478,149.56666663902686,154.48201871936288,159.37973906468193,164.35214288871242,169.27248119963753,174.0718644325756,178.7820911356751,183.52120160114583,188.29734358738992,193.118379518555,197.92434035635813,202.72885840128592,207.5668091633421,212.38485349563277,217.26428909950968,222.14174000728892,226.95300081293917,231.76581190089254,236.6310466551306,241.52075921922193,246.35002821742754,251.16289535059317,256.0214923881249,260.88951992926997,140.47544391536817
err,0,12,25,49,mean
path_err,6.013564349959784,56.33453698510404,116.85307540170437,229.1594827687771,114.62678199017226
joint_err,7.46617441417562,55.291423630413725,77.7191913357949,98.50437641868365,70.04648936800619
all_joint_err,10.011785709374292,80.15464264613628,144.60983544094478,260.88951992926997,140.47544391536817
hik-humof-base,15/07/2026 20:01:03,====> Epoch: 12 elapse: 1178.09 train_losses=0.23717 train_loss_joints=0.08504 train_loss_root=0.15213 lr: 0.00041
hik-humof-base,15/07/2026 20:20:40,====> Epoch: 13 elapse: 1177.20 train_losses=0.23658 train_loss_joints=0.08479 train_loss_root=0.15179 lr: 0.00041
hik-humof-base,15/07/2026 20:40:20,====> Epoch: 14 elapse: 1180.26 train_losses=0.23527 train_loss_joints=0.08463 train_loss_root=0.15065 lr: 0.00040
hik-humof-base,15/07/2026 20:59:57,====> Epoch: 15 elapse: 1176.96 train_losses=0.23387 train_loss_joints=0.08428 train_loss_root=0.14959 lr: 0.00039
hik-humof-base,15/07/2026 21:19:32,====> Epoch: 16 elapse: 1175.08 train_losses=0.23344 train_loss_joints=0.08405 train_loss_root=0.14939 lr: 0.00039
hik-humof-base,15/07/2026 21:39:11,====> Epoch: 17 elapse: 1178.58 train_losses=0.23283 train_loss_joints=0.08394 train_loss_root=0.14889 lr: 0.00038
"
",result_dir='./results/hik-releaseV0.1-base' epoch=17,15/07/2026 21:50:11
err,0,1,2,3,4,5,6,7,8,9,10,11,12,13,14,15,16,17,18,19,20,21,22,23,24,25,26,27,28,29,30,31,32,33,34,35,36,37,38,39,40,41,42,43,44,45,46,47,48,49,mean
path_err,5.67072848458952,7.235226935618302,10.218434235599878,13.864851746492484,17.805948594233815,21.83489828436883,26.103292192084652,30.622657006353144,35.26495095037287,39.968710791791146,44.80656102931422,49.70449852718805,54.53094252245239,59.31850395164959,64.04004310188532,68.72550439207845,73.38393955874852,78.04194050182272,82.66165744314584,87.2493120216885,91.82515875345088,96.43121333383822,101.0452803507925,105.67665654390964,110.27538469362686,114.90008886634642,119.51335401017694,124.07406591713347,128.62150609502314,133.18171849494973,137.7541611321772,142.26802183201096,146.73131303101792,151.18826528828006,155.66946894650474,160.20677689632154,164.80109758098843,169.4823790603705,174.25625682185077,179.01755602883995,183.78900137557716,188.51931842151265,193.08723596033218,197.5824642174151,202.08315224546809,206.599598850383,211.14567294886655,215.72698577344102,220.35986534677147,224.98133920315388,112.43693920584019
joint_err,7.0182568396619525,11.318419222057527,16.47448949000698,21.72077675527614,26.84561885828813,31.503725413710235,35.82657833326517,39.823518722656196,43.356865073858906,46.41457663501148,49.15824131280198,51.68387881620117,53.99521977465632,56.203220045832836,58.37537468503156,60.467191605451276,62.48925734283605,64.42125885886202,66.19458942314789,67.90175090225938,69.55785902867726,71.16046248100355,72.68738542405907,74.09010755763991,75.40222924995741,76.68429168410766,77.95294989316483,79.19464603489862,80.40820477201191,81.63386355995534,82.77233979057495,83.80837115160402,84.7502619259047,85.72786800079913,86.66923847301375,87.60350430886663,88.54470018774629,89.48742323526041,90.38015216919557,91.1758790858845,91.92198052121556,92.6233472260384,93.30104274457031,94.01112796687515,94.75182580324748,95.49528314175713,96.1107197747624,96.6452467751311,97.17146348779352,97.67977655377726,69.01192720240734
all_joint_err,9.246062409812566,13.827638381059328,19.766567284268206,26.304131170261815,32.87977630054855,39.02524544636252,45.048104260326824,51.03663137176083,56.79238903143906,62.242305282400906,67.6109173607272,72.93584851794031,78.11874683786174,83.19360768608438,88.22716763272798,93.24667464996648,98.2868830731277,103.29720160099279,108.19421366452627,113.07288609165458,117.94445822981965,122.8421523639486,127.7441360490008,132.59262104669145,137.40017513358617,142.24610453118598,147.10037898662296,151.89978873869185,156.66085688145105,161.4718905174158,166.29104248532914,171.06990187640176,175.7879145800062,180.52463057989988,185.26877678196004,190.02100526878962,194.7752365930485,199.57206157217126,204.427092330033,209.27196296401488,214.13675537045614,218.96237896633917,223.63667884073692,228.26381842609308,232.9012462748997,237.5778519370023,242.21019477870323,246.8488166223922,251.52710367709085,256.1650600970978,137.7899018110946
err,0,12,25,49,mean
path_err,5.67072848458952,54.53094252245239,114.90008886634642,224.98133920315388,112.43693920584019
joint_err,7.0182568396619525,53.99521977465632,76.68429168410766,97.67977655377726,69.01192720240734
all_joint_err,9.246062409812566,78.11874683786174,142.24610453118598,256.1650600970978,137.7899018110946
hik-humof-base,15/07/2026 22:09:56,====> Epoch: 18 elapse: 1175.94 train_losses=0.23222 train_loss_joints=0.08371 train_loss_root=0.14851 lr: 0.00037
hik-humof-base,15/07/2026 22:29:37,====> Epoch: 19 elapse: 1180.76 train_losses=0.23170 train_loss_joints=0.08355 train_loss_root=0.14815 lr: 0.00036
hik-humof-base,15/07/2026 22:49:11,====> Epoch: 20 elapse: 1173.76 train_losses=0.23101 train_loss_joints=0.08345 train_loss_root=0.14757 lr: 0.00036
hik-humof-base,15/07/2026 23:08:44,====> Epoch: 21 elapse: 1172.38 train_losses=0.23036 train_loss_joints=0.08336 train_loss_root=0.14701 lr: 0.00035
hik-humof-base,15/07/2026 23:28:13,====> Epoch: 22 elapse: 1169.42 train_losses=0.22950 train_loss_joints=0.08309 train_loss_root=0.14641 lr: 0.00034
hik-humof-base,15/07/2026 23:47:47,====> Epoch: 23 elapse: 1173.62 train_losses=0.22919 train_loss_joints=0.08297 train_loss_root=0.14622 lr: 0.00034
"
",result_dir='./results/hik-releaseV0.1-base' epoch=23,15/07/2026 23:58:49
err,0,1,2,3,4,5,6,7,8,9,10,11,12,13,14,15,16,17,18,19,20,21,22,23,24,25,26,27,28,29,30,31,32,33,34,35,36,37,38,39,40,41,42,43,44,45,46,47,48,49,mean
path_err,4.995956287849929,6.955406665485004,9.904814206200736,13.490551035149883,17.409080128605616,21.539184197052112,25.93965842004352,30.54736367593944,35.24682565203482,39.93055149924155,44.655983443681166,49.380648676846604,54.09522915009651,58.84145430981651,63.54304890903617,68.20002642016229,72.81203592662264,77.41749394883719,81.97265010694478,86.49558887675873,91.00043649569125,95.50798052966894,100.0413707488758,104.63881406572484,109.28311759696291,113.98206999229092,118.65338858382859,123.24481624688191,127.78842547910406,132.29499587243205,136.80708302387873,141.33297408031052,145.90705537882968,150.52428658185008,155.180259508812,159.84552058925783,164.5080060459636,169.18370954136486,173.89819098902842,178.59851321339372,183.3399317398964,188.13439204217886,192.898464717323,197.66327633246917,202.4004074545766,207.05011724755497,211.6180962024353,216.12611978616673,220.60524733518326,225.0864708012423,112.01034179519165
joint_err,6.678611522970945,10.83070934815096,15.938795341073769,21.21327724831388,26.310380213692856,31.00666646500196,35.38762550824247,39.35541142139948,42.778077630572106,45.71072251179754,48.37996151613584,50.90002056911459,53.28215308382127,55.59846247117437,57.84254756728814,59.92092101828629,61.87204496057322,63.732089197141136,65.45783870761073,67.11831788055949,68.71028013766274,70.22677665603793,71.6854910360718,73.08731230717085,74.47023982516974,75.82817501870355,77.13156030127713,78.36176454794477,79.51704802945689,80.6669558983881,81.75675216153697,82.80106635826226,83.78944156416607,84.80711202276566,85.73511708853292,86.60456386494285,87.44052434253794,88.28731619139751,89.14385391140289,89.96680566848293,90.76944507557721,91.52009396219015,92.21581691957284,92.90012644337514,93.57026872836317,94.24463639486127,94.84258370637858,95.42492120357619,96.01538360816261,96.55870373823997,68.1478954179026
all_joint_err,8.66258840698309,13.206845231194606,19.1297234338733,25.529291938728264,32.06129841503085,38.43693374283244,44.69030359164141,50.704752750408325,56.35620527509461,61.66231809298584,66.88367016698393,72.09745210239797,77.31419076239912,82.52850446163421,87.67261031985083,92.68294102043171,97.58909695816156,102.43393164459215,107.17367955642419,111.9363643608273,116.7233652790309,121.52560676345165,126.36385832019823,131.2239910037915,136.13024503875695,141.0929377164871,146.02583048101292,150.88366196884098,155.6726581980403,160.4665714345647,165.2461620580641,170.04564231044523,174.88410261477622,179.77298458121393,184.64379971050198,189.47652323306502,194.27479709142102,199.0772286930122,203.90751051732497,208.71089378256073,213.5488801842275,218.4234106183831,223.27647303723398,228.14095072825253,232.96349734416614,237.7089501659009,242.3262758070965,246.88442746768007,251.4127129715747,255.91065502876822,137.10994612764637
err,0,12,25,49,mean
path_err,4.995956287849929,54.09522915009651,113.98206999229092,225.0864708012423,112.01034179519165
joint_err,6.678611522970945,53.28215308382127,75.82817501870355,96.55870373823997,68.1478954179026
all_joint_err,8.66258840698309,77.31419076239912,141.0929377164871,255.91065502876822,137.10994612764637
hik-humof-base,16/07/2026 00:18:37,====> Epoch: 24 elapse: 1178.83 train_losses=0.22856 train_loss_joints=0.08285 train_loss_root=0.14572 lr: 0.00033
hik-humof-base,16/07/2026 00:38:13,====> Epoch: 25 elapse: 1175.97 train_losses=0.22799 train_loss_joints=0.08276 train_loss_root=0.14523 lr: 0.00032
hik-humof-base,16/07/2026 00:57:45,====> Epoch: 26 elapse: 1172.02 train_losses=0.22729 train_loss_joints=0.08255 train_loss_root=0.14474 lr: 0.00031
hik-humof-base,16/07/2026 01:17:23,====> Epoch: 27 elapse: 1178.02 train_losses=0.22709 train_loss_joints=0.08249 train_loss_root=0.14459 lr: 0.00031
"
",result_dir='./results/hik-releaseV0.1-base' epoch=27,16/07/2026 01:28:24
err,0,1,2,3,4,5,6,7,8,9,10,11,12,13,14,15,16,17,18,19,20,21,22,23,24,25,26,27,28,29,30,31,32,33,34,35,36,37,38,39,40,41,42,43,44,45,46,47,48,49,mean
path_err,4.932066339921886,7.089800789076006,9.69020657036428,13.153450153434083,17.204185321988206,21.53003858842489,26.038463613650407,30.6678965513403,35.34936999100861,40.104349846717454,44.98917747913315,49.922359680770796,54.78150581737507,59.56111835448,64.219717155418,68.82843961651936,73.48706550718423,78.23832355957049,82.999281061038,87.72358126670026,92.44249303495607,97.20153891284892,102.00348249178784,106.8727423075647,111.7670023682233,116.71827831559587,121.60965745490005,126.29445286402857,130.82262411285654,135.3164503520391,139.88329526085093,144.53518843509528,149.31697433180693,154.21885766441056,159.10829985654385,163.91957860426996,168.70644112123108,173.5022040943012,178.29594242049285,183.049214835443,187.8615332454049,192.70881396842717,197.4591360395032,202.1603777205359,206.87159278656895,211.57668651626602,216.24434033238657,220.8643477569143,225.4149302706641,229.80712125265495,114.34127991985375
joint_err,6.708486401628097,10.857277559284888,15.778910869650703,20.995047704786938,26.243647850586857,31.10799913872993,35.64510328386388,39.73553771578492,43.21465611711423,46.183613192218175,48.882692748879684,51.40328414533262,53.73989727391677,55.95090851706224,58.08350789820491,60.105182790879404,62.06871432621163,63.98918326729573,65.7843313007401,67.48216670437291,69.0903862528735,70.6346473638056,72.12031604018803,73.53981922252837,74.92316221143858,76.30616944532883,77.6542203619458,78.92344503702681,80.07249186745786,81.18714103037927,82.24006786731906,83.25870288684546,84.24207997927095,85.27260113045033,86.24146332803821,87.18028189545072,88.09390030557887,88.98717220241475,89.84564273050538,90.63941343561383,91.42846022128987,92.17211326518839,92.8706534817088,93.58311136919865,94.30351070386084,95.01786654779133,95.61424931210418,96.1823953880834,96.78781267140633,97.35176709444214,68.59450426912157
all_joint_err,8.754367987819037,13.385504429834155,18.902394016577723,25.268564439711103,32.0057155712454,38.538841568324145,44.90262505004986,51.04443235267642,56.84295217872408,62.344463250862034,67.73715571889107,73.04985720487083,78.24750651053937,83.34631500336886,88.37324411668706,93.35204142419931,98.39183461646182,103.49460708535274,108.54889595332868,113.55452550397675,118.51868368068232,123.48783728091337,128.51298701308488,133.58952403702537,138.7148934681534,143.92280793266082,149.0699960239534,154.01717168620755,158.77598297666623,163.52036355784773,168.3336836718223,173.26826959409135,178.3317259571288,183.5336968667274,188.6723995063827,193.6815642709157,198.58769915093407,203.45171065592075,208.30112102455217,213.1293177912616,218.04121138023908,222.9815945946288,227.82111551927915,232.62675836299658,237.42673026086203,242.22171770332614,246.91160767478,251.57638620305,256.2177366732899,260.6758775727,139.56016032151166
err,0,12,25,49,mean
path_err,4.932066339921886,54.78150581737507,116.71827831559587,229.80712125265495,114.34127991985375
joint_err,6.708486401628097,53.73989727391677,76.30616944532883,97.35176709444214,68.59450426912157
all_joint_err,8.754367987819037,78.24750651053937,143.92280793266082,260.6758775727,139.56016032151166
hik-humof-base,16/07/2026 01:48:11,====> Epoch: 28 elapse: 1177.17 train_losses=0.22625 train_loss_joints=0.08241 train_loss_root=0.14384 lr: 0.00030
hik-humof-base,16/07/2026 02:07:48,====> Epoch: 29 elapse: 1177.65 train_losses=0.22545 train_loss_joints=0.08222 train_loss_root=0.14323 lr: 0.00029
hik-humof-base,16/07/2026 02:27:24,====> Epoch: 30 elapse: 1175.50 train_losses=0.22517 train_loss_joints=0.08215 train_loss_root=0.14302 lr: 0.00029
hik-humof-base,16/07/2026 02:47:01,====> Epoch: 31 elapse: 1176.48 train_losses=0.22451 train_loss_joints=0.08204 train_loss_root=0.14247 lr: 0.00028
"
",result_dir='./results/hik-releaseV0.1-base' epoch=31,16/07/2026 02:58:08
err,0,1,2,3,4,5,6,7,8,9,10,11,12,13,14,15,16,17,18,19,20,21,22,23,24,25,26,27,28,29,30,31,32,33,34,35,36,37,38,39,40,41,42,43,44,45,46,47,48,49,mean
path_err,4.676544009991609,6.770086721380582,9.553192536318452,13.164895090935822,17.170181638599257,21.41563403916167,25.978422816121057,30.69809679654644,35.39988033551609,40.06129224744906,44.79400173470417,49.60552462055552,54.406938994298535,59.19918793346577,63.920937298532856,68.597479610888,73.22059047111641,77.75972146626357,82.2122988096216,86.66644665521432,91.1511942583492,95.6884348642462,100.25609960184327,104.85454052890475,109.4893701459441,114.18582494272285,118.91421230526576,123.65145608839374,128.39425964171429,133.10818600810384,137.76884270446166,142.38952003592615,146.9950206083035,151.56823874896574,156.1404835795617,160.7797903558835,165.4583730699081,170.1672247270921,174.94568584212016,179.72401435243705,184.56757366611973,189.47031897915983,194.3423404662447,199.19180860093365,204.00968869213202,208.73250042553497,213.36332440394395,217.8999407279457,222.4337409068306,227.0534471743847,112.63933620560115
joint_err,6.627552446768722,10.766336961260611,15.576160850948412,20.675691196465994,25.828023224756578,30.589114132486856,34.95117620962801,38.86234488572018,42.259285617899955,45.245825288832286,48.024839039650246,50.680477796508775,53.16248251717606,55.49197660864097,57.67987512958899,59.699947924404555,61.63393603851505,63.4989411911329,65.2473976077361,66.92536648709874,68.53101185943703,70.06270226836658,71.52781677977906,72.91934694350445,74.26995081554483,75.6201316857117,76.9725892748845,78.29893114465001,79.54945207058776,80.7562047017597,81.85518036097346,82.88136519046743,83.8505207921683,84.88617485335054,85.88871869285896,86.88203459940969,87.85172426090145,88.7888918493932,89.67122026642592,90.44863946386029,91.17991185047003,91.86124846921143,92.53496912507151,93.25384993155375,94.00083966719635,94.76345923330588,95.42888858509977,96.05064088315373,96.66199136008574,97.21977451510242,68.15789865299011
all_joint_err,8.326388662291812,12.967092701546818,18.540826625980483,24.911199070149834,31.511732832654744,37.932437312329476,44.278610723574026,50.39045574219099,56.100985182760844,61.48622724680603,66.81517289141684,72.16301052299717,77.43071148486472,82.60728145982516,87.67250692422331,92.66516890067167,97.63942085814465,102.54529225864303,107.34610011595358,112.1299199430509,116.91577188006072,121.70626605069668,126.52710952796467,131.35618724063653,136.25179489520053,141.25549853020138,146.32003583764617,151.39387732054973,156.4113387328262,161.4184439354366,166.3593355146807,171.2772645788739,176.17377617532696,181.07751982314593,185.94561694983815,190.82329820633805,195.66955700088755,200.49275565411867,205.35669508286114,210.2205127663316,215.1711006473216,220.15475808369536,225.12472521804094,230.09456069866877,235.02939608915474,239.88744693040812,244.60842282988347,249.2666207372807,253.927678743805,258.61610960152495,137.80588033486964
err,0,12,25,49,mean
path_err,4.676544009991609,54.406938994298535,114.18582494272285,227.0534471743847,112.63933620560115
joint_err,6.627552446768722,53.16248251717606,75.6201316857117,97.21977451510242,68.15789865299011
all_joint_err,8.326388662291812,77.43071148486472,141.25549853020138,258.61610960152495,137.80588033486964
hik-humof-base,16/07/2026 03:17:51,====> Epoch: 32 elapse: 1173.73 train_losses=0.22407 train_loss_joints=0.08196 train_loss_root=0.14211 lr: 0.00027
hik-humof-base,16/07/2026 03:37:25,====> Epoch: 33 elapse: 1174.58 train_losses=0.22350 train_loss_joints=0.08193 train_loss_root=0.14157 lr: 0.00026
hik-humof-base,16/07/2026 03:56:59,====> Epoch: 34 elapse: 1173.34 train_losses=0.22294 train_loss_joints=0.08175 train_loss_root=0.14119 lr: 0.00026
hik-humof-base,16/07/2026 04:16:26,====> Epoch: 35 elapse: 1166.87 train_losses=0.22242 train_loss_joints=0.08166 train_loss_root=0.14076 lr: 0.00025
"
",result_dir='./results/hik-releaseV0.1-base' epoch=35,16/07/2026 04:27:23
err,0,1,2,3,4,5,6,7,8,9,10,11,12,13,14,15,16,17,18,19,20,21,22,23,24,25,26,27,28,29,30,31,32,33,34,35,36,37,38,39,40,41,42,43,44,45,46,47,48,49,mean
path_err,4.405332247213903,6.837827402432083,9.341836555866173,12.809456711417907,16.835685166711595,21.01166119076999,25.380225809959814,29.87040233791391,34.40417585049044,39.02582267899043,43.84101656473728,48.75018743917294,53.59733659904827,58.3706968389661,63.033444561543135,67.64902560077998,72.28588201575431,76.96904156675745,81.62531538350915,86.22769519399137,90.77638832382691,95.29260048169239,99.77767055763914,104.29286497593144,108.832080944605,113.44607947644737,118.07159932075237,122.6750528209207,127.27769378325331,131.8816433034757,136.49845306244035,141.1046436847008,145.72192196642405,150.32501759418255,154.90662131405875,159.5052630592309,164.1470624255366,168.85373711386742,173.63215622215753,178.38538559786255,183.16931963474116,187.9506776025277,192.61073750975717,197.20535336466767,201.78942450490192,206.35285251246742,210.91711253059108,215.48119820897801,220.05742821826016,224.5966127316942,111.55613441127238
joint_err,6.521607023041003,10.654191798016106,15.601583138785271,20.841484219447185,25.980205398945618,30.65909174479099,34.97524852947232,38.85381893987732,42.211482389377906,45.133515067094,47.810224699876244,50.29390999800238,52.585386474558945,54.7778333570254,56.92607163930081,58.9918404740596,61.01480326542393,62.969002430606736,64.7494048989665,66.40077564260224,67.95103411202807,69.44307149624937,70.88668189083546,72.2771578058974,73.6425173416668,75.00823215046401,76.33795327572199,77.60020739998504,78.79279779637952,79.97884971902393,81.09574427703942,82.14893734685158,83.15529065769034,84.19930898677686,85.16186823545664,86.05407632388092,86.91032653593253,87.77127932893562,88.63150830726062,89.43532213688694,90.21981585589138,90.95620009479254,91.64525883445224,92.32382805328241,93.0019631028592,93.70581868426305,94.34380107983107,94.97882263436902,95.64065588152783,96.24604915453115,67.54991719260067
all_joint_err,8.059479528295109,12.823678878027152,18.470868887174564,24.97353661415371,31.64344968277349,37.90618356754852,43.97950633339128,49.84465697456178,55.38199322779043,60.66423130151331,65.93156146198905,71.19827044714803,76.38784116786441,81.50287016676002,86.53635325502107,91.50846598449404,96.51508895192642,101.52595469951991,106.43137403397444,111.2969678561569,116.11277171134803,120.88859474345591,125.63546618471898,130.3690625005101,135.157614398412,140.05087516424123,144.95496011001327,149.8370273753405,154.6961113758461,159.5783006400436,164.45595785905263,169.31615908662883,174.1808203465488,179.05998978095292,183.8913072914433,188.69585886568197,193.49449223577932,198.33017045867206,203.216089247353,208.06690907880466,212.94888859913897,217.79802183923053,222.53840820275983,227.23339952029204,231.92355939273577,236.62871695673405,241.29819641756697,245.9838723650893,250.6834800582837,255.29978156107896,136.2981439277568
err,0,12,25,49,mean
path_err,4.405332247213903,53.59733659904827,113.44607947644737,224.5966127316942,111.55613441127238
joint_err,6.521607023041003,52.585386474558945,75.00823215046401,96.24604915453115,67.54991719260067
all_joint_err,8.059479528295109,76.38784116786441,140.05087516424123,255.29978156107896,136.2981439277568
hik-humof-base,16/07/2026 04:47:02,====> Epoch: 36 elapse: 1169.19 train_losses=0.22218 train_loss_joints=0.08162 train_loss_root=0.14056 lr: 0.00024
hik-humof-base,16/07/2026 05:06:29,====> Epoch: 37 elapse: 1166.66 train_losses=0.22153 train_loss_joints=0.08149 train_loss_root=0.14003 lr: 0.00024
hik-humof-base,16/07/2026 05:26:01,====> Epoch: 38 elapse: 1172.36 train_losses=0.22088 train_loss_joints=0.08140 train_loss_root=0.13948 lr: 0.00023
hik-humof-base,16/07/2026 05:45:32,====> Epoch: 39 elapse: 1171.43 train_losses=0.22027 train_loss_joints=0.08128 train_loss_root=0.13899 lr: 0.00022
"
",result_dir='./results/hik-releaseV0.1-base' epoch=39,16/07/2026 05:56:31
err,0,1,2,3,4,5,6,7,8,9,10,11,12,13,14,15,16,17,18,19,20,21,22,23,24,25,26,27,28,29,30,31,32,33,34,35,36,37,38,39,40,41,42,43,44,45,46,47,48,49,mean
path_err,3.896117180952673,5.861828469058116,8.732113993434155,12.221832397253639,15.986419915292531,20.006613468230814,24.38329046999968,28.984303415374107,33.646976498553244,38.35480498418024,43.15398222967912,47.97753093000278,52.786617298253745,57.60987448739419,62.39970136406102,67.17971235382359,71.9224049669688,76.66201037922957,81.37168187425594,86.06904919903576,90.72680837241118,95.33615053252525,99.88753596549157,104.41877767319122,108.93916852784689,113.50488923563636,118.08591250535692,122.66373177861537,127.2505439445433,131.83919235196743,136.42820063341608,140.99910071402982,145.55398087573258,150.0794778042625,154.5836546739498,159.1115614650931,163.70157687574547,168.36613070691288,173.1230112090152,177.8898494364262,182.70107239253832,187.51709494904497,192.23505565595198,196.88008035720074,201.4902121769659,206.05625711011228,210.61103739033462,215.1779463870459,219.78752066201125,224.4480355244932,111.17200867525804
joint_err,6.495234180485799,10.649712090297703,15.500895050662102,20.51717149117239,25.509205073811078,30.160259786591922,34.499900470731326,38.42796279093973,41.81148331680843,44.73931042913644,47.423765772002355,49.950848509160025,52.29728390536144,54.537028359562555,56.717326332779756,58.79498891166742,60.80297841577975,62.74550520093078,64.53004431858594,66.19644574419087,67.76690297875972,69.28279487816074,70.76301060808301,72.2003849221841,73.59960733204876,74.9739291158568,76.30194904068432,77.55975127491867,78.7355847279726,79.90242632086417,81.00612512060147,82.07196186531135,83.10493846338872,84.18354738485014,85.19418201372628,86.15182519701726,87.0612652137674,87.94574302084412,88.80109064051163,89.60089301686213,90.38576414439838,91.11483188371784,91.78876507302182,92.4576440311786,93.13603703545647,93.82857272480419,94.43682010114746,95.0279824821769,95.65757428996561,96.24844695311371,67.45195404012104
all_joint_err,7.782807206581327,12.332804258779776,18.102256559959716,24.26281918047989,30.580561058424543,36.78431037783424,42.9658619416664,48.95923289733172,54.569006640939,59.890647922455585,65.16905566639241,70.4314146763176,75.6198436433902,80.77222456632822,85.89607430997002,90.97918008095115,96.0498670552788,101.12846105081697,106.14426214632302,111.14378711623345,116.07616580994436,120.94194023936303,125.77518981525807,130.5747352423883,135.37897830530423,140.25200751030306,145.14968063200595,150.0306817884232,154.8642392416454,159.7313336227607,164.5935797760179,169.4763738086314,174.34856633867577,179.22461449493122,184.02234512773117,188.77917619628977,193.51427215624864,198.27403329893588,203.10753470694578,207.95643162970086,212.86677870412055,217.7584573248385,222.55627597434383,227.28506829705648,231.96739904823644,236.635255244814,241.26693355042673,245.94735782245357,250.68012692793909,255.40187081347264,136.08003763611322
err,0,12,25,49,mean
path_err,3.896117180952673,52.786617298253745,113.50488923563636,224.4480355244932,111.17200867525804
joint_err,6.495234180485799,52.29728390536144,74.9739291158568,96.24844695311371,67.45195404012104
all_joint_err,7.782807206581327,75.6198436433902,140.25200751030306,255.40187081347264,136.08003763611322
hik-humof-base,16/07/2026 06:16:08,====> Epoch: 40 elapse: 1167.20 train_losses=0.22014 train_loss_joints=0.08120 train_loss_root=0.13894 lr: 0.00021
hik-humof-base,16/07/2026 06:35:39,====> Epoch: 41 elapse: 1171.09 train_losses=0.21954 train_loss_joints=0.08116 train_loss_root=0.13838 lr: 0.00021
hik-humof-base,16/07/2026 06:55:15,====> Epoch: 42 elapse: 1175.86 train_losses=0.21905 train_loss_joints=0.08103 train_loss_root=0.13802 lr: 0.00020
hik-humof-base,16/07/2026 07:14:50,====> Epoch: 43 elapse: 1174.67 train_losses=0.21859 train_loss_joints=0.08099 train_loss_root=0.13760 lr: 0.00019
"
",result_dir='./results/hik-releaseV0.1-base' epoch=43,16/07/2026 07:25:51
err,0,1,2,3,4,5,6,7,8,9,10,11,12,13,14,15,16,17,18,19,20,21,22,23,24,25,26,27,28,29,30,31,32,33,34,35,36,37,38,39,40,41,42,43,44,45,46,47,48,49,mean
path_err,4.140738776818885,6.427194653148257,9.029224672328011,12.324563749083595,16.192945457124328,20.515508090466138,25.050529417359815,29.54101556160044,33.95109675635575,38.3786852010893,42.95615968941881,47.67972531153463,52.47216972060668,57.26568870243014,61.95998376145078,66.58530041921865,71.16048081253386,75.70211573260077,80.20019094698735,84.69236521097035,89.19386567723116,93.72704729376693,98.28082921203917,102.85314397235135,107.451919264171,112.08553451695462,116.71650337241844,121.34323900294076,125.96664254271573,130.57480401279824,135.17481999780574,139.74706511822828,144.3170147760174,148.8881792780875,153.48022176291585,158.13135858945003,162.837795339227,167.5608484347601,172.3184540285888,177.02634376951343,181.75700192320332,186.5045233005413,191.19348959472833,195.87408746381132,200.5698646823064,205.24389471005676,209.89768575017095,214.5027434041554,219.07032330408228,223.60881462482638,110.44247482725982
joint_err,6.361107694180681,10.573357197628289,15.475617174572577,20.554403140586192,25.551937621264013,30.208620852004646,34.57923978001056,38.52192704537378,41.880544513359816,44.74313548317326,47.33914524982483,49.78806003667793,52.09990475899071,54.33586105317117,56.503172848945944,58.559664788171524,60.550044208217074,62.46858078501286,64.25087236557448,65.96247412353786,67.61248342499258,69.20971806207665,70.73371858876484,72.16520894807336,73.5250394760231,74.84855237584621,76.14444876637363,77.41995641044382,78.65587227378205,79.89834904978656,81.05638802114943,82.1260844858706,83.09715560569062,84.07413673299439,85.00345395231226,85.94175973501525,86.89792297328792,87.8599363698584,88.80505064051485,89.66630459954865,90.4764844334754,91.1961275291124,91.85624041105908,92.51652871053498,93.18952561511654,93.89694754864702,94.5383881638612,95.17387947292065,95.82203941819081,96.40183473789045,67.40234414506983
all_joint_err,7.772327755526774,12.663087037319363,18.389288805308556,24.53169035768458,30.843819628695083,37.14544558267865,43.43824297112727,49.431671489065785,54.920511121826685,60.03031647689001,65.0801321163563,70.19074264132058,75.33043020674748,80.45314814141956,85.4937487814387,90.44536532936914,95.3689473158247,100.24114138557273,105.0277304692827,109.83168749149185,114.66204294080956,119.519620703593,124.39518482231148,129.24247217511646,134.08671426584684,138.95789252970832,143.84133305670625,148.7423779482248,153.64080640324488,158.57323205791658,163.47876959632475,168.34707871303607,173.15601228381558,177.9724980284606,182.7869641710208,187.65547481682358,192.5579262366684,197.4537734510036,202.35436931060016,207.18641959322096,212.02354102561475,216.83065756496515,221.58439567686486,226.3583952017313,231.15008345782041,235.94580821906916,240.66922601605054,245.35071918656809,249.9905653482439,254.5596633416109,135.39406986495874
err,0,12,25,49,mean
path_err,4.140738776818885,52.47216972060668,112.08553451695462,223.60881462482638,110.44247482725982
joint_err,6.361107694180681,52.09990475899071,74.84855237584621,96.40183473789045,67.40234414506983
all_joint_err,7.772327755526774,75.33043020674748,138.95789252970832,254.5596633416109,135.39406986495874
hik-humof-base,16/07/2026 07:45:37,====> Epoch: 44 elapse: 1175.75 train_losses=0.21767 train_loss_joints=0.08092 train_loss_root=0.13674 lr: 0.00019
hik-humof-base,16/07/2026 08:05:09,====> Epoch: 45 elapse: 1172.56 train_losses=0.21740 train_loss_joints=0.08083 train_loss_root=0.13657 lr: 0.00018
hik-humof-base,16/07/2026 08:24:40,====> Epoch: 46 elapse: 1171.08 train_losses=0.21725 train_loss_joints=0.08073 train_loss_root=0.13652 lr: 0.00017
hik-humof-base,16/07/2026 08:44:17,====> Epoch: 47 elapse: 1177.03 train_losses=0.21619 train_loss_joints=0.08070 train_loss_root=0.13549 lr: 0.00016
"
",result_dir='./results/hik-releaseV0.1-base' epoch=47,16/07/2026 08:55:17
err,0,1,2,3,4,5,6,7,8,9,10,11,12,13,14,15,16,17,18,19,20,21,22,23,24,25,26,27,28,29,30,31,32,33,34,35,36,37,38,39,40,41,42,43,44,45,46,47,48,49,mean
path_err,3.843067106906177,5.647316331924357,8.8053288456472,12.484181824606832,16.28868577894587,20.235183182466972,24.411150727966167,28.814868683094783,33.375999686059,38.02830770401186,42.7640237569664,47.49887332585133,52.19101935258264,56.85659333703511,61.489067017316565,66.13635042756728,70.76283027255921,75.36884346209006,79.94349838172641,84.49304205290616,88.99734954380406,93.50123705789322,98.02743928842932,102.60608548216682,107.17693610206561,111.75238157800403,116.3169530419444,120.8718550402675,125.44624050271092,130.02749814249574,134.61334901710282,139.1671266151478,143.71436844298114,148.2634662658026,152.83281956920325,157.4525717833252,162.14735188974723,166.91185479431488,171.73499850729755,176.50974441708593,181.26982183301362,186.0249536212428,190.71040152959992,195.39611050829376,200.1224331282642,204.85955412455596,209.56766844484113,214.21885605442398,218.7969992088703,223.2735106927286,110.03500334971709
joint_err,6.342971945670288,10.187282919421817,15.151201405028518,20.38002694799733,25.401961998616358,29.956650682322397,34.198761382575384,38.08135673224863,41.47839596923262,44.442816792134366,47.16635488971101,49.708202139365056,52.053962678935385,54.27693524108508,56.43094990721156,58.487310364803925,60.48960058798889,62.431916180143894,64.2308412243432,65.93330715532598,67.52427503106587,69.02450658216826,70.48179351202063,71.91312864203164,73.3246568207175,74.70098840684953,76.01745880188106,77.26972071600257,78.4514191537946,79.62679950829752,80.74594775769255,81.83439825646622,82.87655319998717,83.95325297045683,84.95732685875122,85.92312312600751,86.84913954679011,87.75319191409976,88.64317850000752,89.48000429104462,90.30697501877705,91.0724973156901,91.77857967083115,92.46479980381513,93.13991570287953,93.83924959133759,94.4776805659736,95.1045282414901,95.72629450556174,96.29398837058382,67.24772359054468
all_joint_err,7.636800789892845,11.84047843262954,17.797763470847308,24.228608774896124,30.593922615612808,36.655582864584126,42.62816352587742,48.46423264785915,54.00974179741605,59.30362031137739,64.54878191856642,69.74521871668067,74.83926174977941,79.8574345323058,84.83319367849434,89.80510289537528,94.79333211940539,99.77057516855629,104.66153886864892,109.51858263504104,114.32032368860968,119.0923366516199,123.9054301483909,128.7434337675671,133.60423956430353,138.48212226838115,143.34573928318275,148.17612003798254,152.99123842617314,157.84986473618807,162.70596800631546,167.56561986763523,172.42996123148268,177.32154516948427,182.18278212852346,187.02673444703,191.864612344876,196.71936523151732,201.6190485178274,206.48380386269648,211.3686894558969,216.22662440275207,221.0233948763662,225.81888790316106,230.63459886893767,235.4791849656881,240.26124308200215,245.00561950598384,249.67247955053887,254.192958322272,134.83291815654465
err,0,12,25,49,mean
path_err,3.843067106906177,52.19101935258264,111.75238157800403,223.2735106927286,110.03500334971709
joint_err,6.342971945670288,52.053962678935385,74.70098840684953,96.29398837058382,67.24772359054468
all_joint_err,7.636800789892845,74.83926174977941,138.48212226838115,254.192958322272,134.83291815654465
hik-humof-base,16/07/2026 09:15:06,====> Epoch: 48 elapse: 1179.17 train_losses=0.21595 train_loss_joints=0.08060 train_loss_root=0.13535 lr: 0.00016
hik-humof-base,16/07/2026 09:34:46,====> Epoch: 49 elapse: 1180.61 train_losses=0.21559 train_loss_joints=0.08047 train_loss_root=0.13512 lr: 0.00015
"
",result_dir='./results/hik-releaseV0.1-base' epoch=49,16/07/2026 09:45:48
err,0,1,2,3,4,5,6,7,8,9,10,11,12,13,14,15,16,17,18,19,20,21,22,23,24,25,26,27,28,29,30,31,32,33,34,35,36,37,38,39,40,41,42,43,44,45,46,47,48,49,mean
path_err,3.6751274429878698,5.591371604857737,8.339547756377224,11.836722365240433,15.623520026678301,19.5930972933099,23.83459575305574,28.288068683146342,32.85918033941776,37.49138532556529,42.22970553814613,46.97453486142306,51.64527973221566,56.29193484828458,60.906997926690586,65.53510918278151,70.16157852156041,74.77226062234712,79.32125506312664,83.83346213484369,88.33656449517912,92.8661939475044,97.44512526718357,102.04981281264287,106.63726704404304,111.24296355729334,115.84184859375374,120.40878671803495,124.94794770117463,129.46844509426467,134.0065539979116,138.55826248787145,143.11856174519713,147.676937840228,152.23298315906973,156.82464813573839,161.48534185744006,166.20022795733266,170.97947725570776,175.72431500206926,180.47671140716568,185.21616188448408,189.8583171487561,194.4791105557604,199.1412705915747,203.83924983986387,208.55554617242854,213.24778027926476,217.8754721744284,222.38565959424673,109.39864558679339
joint_err,6.350325519843697,10.261526062140401,15.0905759095729,20.16507834082877,25.142828314758294,29.743391016826244,34.058607633562005,38.00095382060636,41.41905936421712,44.37434606286933,47.06722286910095,49.574623918881116,51.89084965504152,54.11093617405795,56.287917068638244,58.37808278371019,60.40417203840161,62.34511524289416,64.13586631297268,65.84533650975445,67.4755774747454,69.05077992647075,70.5717832705946,72.02162962339511,73.4014023520486,74.74460600991503,76.04814497302539,77.30413600859028,78.4988122279114,79.691723430615,80.82603636600928,81.92186368451874,82.9658691344372,84.03897234741777,85.04408009235954,86.00294060157147,86.93038863879245,87.84397483288635,88.73377189939099,89.55985776850235,90.36733082155564,91.11714295170043,91.81528934825972,92.51599408014805,93.22791779010497,93.95340616227355,94.58865681565509,95.19741968477484,95.82803024200118,96.40781220250751,67.24684330761714
all_joint_err,7.467292758097422,11.873760610895848,17.53860982292022,23.72733406782549,30.02731421221681,36.1489445410353,42.22581533653145,48.13857871318476,53.71753504855567,58.99594386122796,64.20024636215288,69.35465900102044,74.40457166898688,79.41394919339075,84.40888187041527,89.38832924080155,94.36821861481562,99.316865626919,104.16723767632573,108.99866949622528,113.81925526333333,118.64835523830831,123.51723736025536,128.38062764916842,133.22834542159558,138.09978932961923,142.9651352232884,147.79486462910873,152.58798152185685,157.4151497393679,162.25950756146904,167.13426762883594,171.9931576447979,176.85388446379497,181.66931180710526,186.47940638688104,191.30854537070041,196.1592873112624,201.05139462170024,205.9058996341707,210.76463415817983,215.5921413912597,220.3307495057773,225.06078920580302,229.81695401742817,234.61682402314142,239.38049862149674,244.139767928501,248.83926043374944,253.38231359747581,134.34156188825952
err,0,12,25,49,mean
path_err,3.6751274429878698,51.64527973221566,111.24296355729334,222.38565959424673,109.39864558679339
joint_err,6.350325519843697,51.89084965504152,74.74460600991503,96.40781220250751,67.24684330761714
all_joint_err,7.467292758097422,74.40457166898688,138.09978932961923,253.38231359747581,134.34156188825952
hik-humof-base,16/07/2026 10:05:35,====> Epoch: 50 elapse: 1178.15 train_losses=0.21538 train_loss_joints=0.08047 train_loss_root=0.13491 lr: 0.00014
hik-humof-base,16/07/2026 10:25:15,====> Epoch: 51 elapse: 1179.62 train_losses=0.21528 train_loss_joints=0.08034 train_loss_root=0.13493 lr: 0.00014
"
",result_dir='./results/hik-releaseV0.1-base' epoch=51,16/07/2026 10:36:16
err,0,1,2,3,4,5,6,7,8,9,10,11,12,13,14,15,16,17,18,19,20,21,22,23,24,25,26,27,28,29,30,31,32,33,34,35,36,37,38,39,40,41,42,43,44,45,46,47,48,49,mean
path_err,3.7280258836807443,5.655551186323057,8.558902735519764,12.145785055856468,15.971380450219808,19.966923874429142,24.208157009274885,28.645578707863976,33.19433665242968,37.79629300365584,42.475933500869424,47.176284705627076,51.8837515805344,56.601657904203385,61.269371084956084,65.92658436546535,70.54625646065585,75.09048728482047,79.5629521965745,84.04489313282696,88.54247215960349,93.04573673677379,97.54217067690102,102.06327059225116,106.60356498746376,111.15905737155948,115.69577969057077,120.20168739545493,124.70956294121052,129.2200493986457,133.73884089973774,138.2463940224954,142.7669940141899,147.28044569628196,151.8200612180484,156.4213158584007,161.07794388397326,165.78001224094385,170.54269237189357,175.28721071126486,180.04181343015432,184.81514835553298,189.5156291874867,194.18643033897564,198.84928435544586,203.48029246429527,208.09298345264085,212.66166920394562,217.20256235367293,221.74701326941488,109.33574392110033
joint_err,6.059590309899079,10.081482480867821,14.950483667191138,19.943899576505654,24.845236382247503,29.461531497536956,33.84040637529652,37.855836024057574,41.34269444309566,44.31722650881542,46.96679660531638,49.419044565237904,51.71333120923838,53.938519572472615,56.11345370731316,58.194949428210265,60.22843764719857,62.18903077135983,63.99621809621184,65.70673514202252,67.34116784147064,68.9209427193765,70.43789137172365,71.89767152555552,73.31705046286972,74.70522248315659,76.0315380602183,77.28515263115304,78.46356862911136,79.65049496756338,80.79388753528418,81.90281431719518,82.94898800494153,84.0056691374791,84.99237236109317,85.94383934931341,86.86729450933007,87.78813840444101,88.70678686331225,89.57619432293704,90.41515779321344,91.18393765016089,91.88908462628751,92.57706349933244,93.25181582908358,93.94064239049244,94.57073102441535,95.19120083991345,95.82112706227426,96.39116755337578,67.1594703555234
all_joint_err,7.358530753380874,11.72017161628972,17.5825256495975,23.80855787245993,30.05771455776001,36.16904710866528,42.26243168074859,48.1996073347514,53.80424474025095,59.07106306248207,64.2183259924283,69.3216272680036,74.40192665740035,79.46973538221224,84.50739758841772,89.50891142068274,94.48344195582841,99.38955656610132,104.1807015422919,108.9870168017573,113.80438217003102,118.62405296372636,123.44044961387345,128.23355340102654,133.03551101843976,137.863622159513,142.68405151084607,147.47479812947836,152.25113409120902,157.08386451526718,161.93513551611176,166.78769951478233,171.60994661305384,176.41281643241322,181.19592598516732,186.00136480003917,190.83173230433061,195.70226983411064,200.6240152258439,205.51992886480525,210.410645587378,215.26709584330484,220.04672204301525,224.80311844418102,229.54229664755454,234.2827260141006,238.97437735216866,243.64970185404906,248.3018210115014,252.89978422739642,134.1559415848046
err,0,12,25,49,mean
path_err,3.7280258836807443,51.8837515805344,111.15905737155948,221.74701326941488,109.33574392110033
joint_err,6.059590309899079,51.71333120923838,74.70522248315659,96.39116755337578,67.1594703555234
all_joint_err,7.358530753380874,74.40192665740035,137.863622159513,252.89978422739642,134.1559415848046
hik-humof-base,16/07/2026 10:55:59,====> Epoch: 52 elapse: 1173.66 train_losses=0.21392 train_loss_joints=0.08021 train_loss_root=0.13371 lr: 0.00013
hik-humof-base,16/07/2026 11:15:30,====> Epoch: 53 elapse: 1171.38 train_losses=0.21378 train_loss_joints=0.08021 train_loss_root=0.13357 lr: 0.00012
"
",result_dir='./results/hik-releaseV0.1-base' epoch=53,16/07/2026 11:26:29
err,0,1,2,3,4,5,6,7,8,9,10,11,12,13,14,15,16,17,18,19,20,21,22,23,24,25,26,27,28,29,30,31,32,33,34,35,36,37,38,39,40,41,42,43,44,45,46,47,48,49,mean
path_err,3.6659426126748555,5.557501702185207,8.39409806358472,11.810499093005802,15.585803835927452,19.68074879567867,24.014413284324366,28.475193575402738,33.0295696675714,37.689379060491206,42.449322904864445,47.20305363977233,51.8922996890525,56.540594073237486,61.149653186009765,65.77727215809222,70.43651533858643,75.10764182492458,79.71994510230967,84.25207237961118,88.70441726847743,93.13141106381784,97.5788200794609,102.11132303086336,106.71099232895507,111.37956518511736,116.05306389737213,120.67604403676205,125.24632576333953,129.76692401607463,134.2998995025222,138.87320242651217,143.49227639212648,148.13262008638878,152.76525612388986,157.4025791460503,162.07401743595986,166.77207862365356,171.54291995371244,176.31281943800167,181.1161070423564,185.92105077005343,190.62576614022527,195.29087977140549,199.97073339303745,204.66236745019648,209.35975175700167,214.0415757192592,218.68691979126987,223.2669734371558,109.76800402116652
joint_err,6.158836915027115,10.04495193210711,14.81813874026052,19.813442532278234,24.77587361662534,29.38946475194338,33.716544712718324,37.667687106614345,41.11045471731788,44.07004647714319,46.72795269667169,49.20122988353365,51.5282043405732,53.76966504354351,55.93137563298383,57.98239036183139,59.9894725050069,61.945891542431795,63.76249116616596,65.49263598255574,67.15072397764757,68.75158373825167,70.28789609747625,71.74532129271489,73.12426980895631,74.45676083840819,75.749871094454,77.00778046941852,78.21824754956391,79.43534131942052,80.60358785564931,81.72989635187847,82.79304937504106,83.85856510060044,84.84853290348606,85.79649711122558,86.71915780228153,87.63001149339419,88.5346008187604,89.38874009713052,90.21746043538707,90.96690202226684,91.65261406210885,92.33234486958844,93.01828956770655,93.72629888005902,94.35976522524221,94.96793041763978,95.57854550494518,96.13741072744715,66.97369494930967
all_joint_err,7.304978898694279,11.688793505728924,17.456424743946954,23.5971926424645,29.814127992848245,35.9572500642573,42.0893684715653,48.03613540594057,53.651700377953375,58.98703826975449,64.2183318750019,69.37660119975887,74.43727358842834,79.4431306348168,84.40645415629683,89.36374310826915,94.37399653384179,99.38539138700331,104.29119714178442,109.13258377966991,113.91317465804917,118.67092427756717,123.45781638400929,128.29021054585098,133.17690212084264,138.11488075289677,143.042220069072,147.91301904958607,152.7124992566818,157.5310696241903,162.38391547013953,167.30018098418464,172.2374388537967,177.19130741754685,182.07290219311437,186.89637163492924,191.68435344397523,196.4781493550828,201.34225603186817,206.22662767199574,211.16385712049015,216.05594253090808,220.83385330151503,225.57486367975574,230.31681331344114,235.10714288070162,239.87554976723146,244.65649705077354,249.39359085771056,254.01258847213882,134.49277265096143
err,0,12,25,49,mean
path_err,3.6659426126748555,51.8922996890525,111.37956518511736,223.2669734371558,109.76800402116652
joint_err,6.158836915027115,51.5282043405732,74.45676083840819,96.13741072744715,66.97369494930967
all_joint_err,7.304978898694279,74.43727358842834,138.11488075289677,254.01258847213882,134.49277265096143
hik-humof-base,16/07/2026 11:46:15,====> Epoch: 54 elapse: 1176.40 train_losses=0.21297 train_loss_joints=0.08012 train_loss_root=0.13284 lr: 0.00011
hik-humof-base,16/07/2026 12:05:49,====> Epoch: 55 elapse: 1174.53 train_losses=0.21284 train_loss_joints=0.08004 train_loss_root=0.13279 lr: 0.00011
"
",result_dir='./results/hik-releaseV0.1-base' epoch=55,16/07/2026 12:16:48
err,0,1,2,3,4,5,6,7,8,9,10,11,12,13,14,15,16,17,18,19,20,21,22,23,24,25,26,27,28,29,30,31,32,33,34,35,36,37,38,39,40,41,42,43,44,45,46,47,48,49,mean
path_err,3.486262833935351,5.758380661144696,8.378055051383486,11.820981882160476,15.67399934615757,19.799903987289436,24.203143005149375,28.778197760912374,33.405030044066,38.04815309358538,42.80025820260424,47.60967435273079,52.435866321153036,57.292369520242154,62.110510165523635,66.91098204591574,71.71228543872657,76.51822135597354,81.28781083452178,86.01327360699811,90.69080541442183,95.34023893475442,100.00027533886082,104.6881147873581,109.41016729289937,114.19440871802276,119.01167669551312,123.83371941171289,128.667059458782,133.49326778881965,138.2888153211231,143.00706327332858,147.67583686155925,152.32303312458433,156.98544822589113,161.6996434607634,166.52078368420695,171.40221707166248,176.34236143273327,181.25619249419228,186.19389426941893,191.11614991893632,195.94710896830668,200.7574354455638,205.5889985025554,210.41923404518838,215.19750408299552,219.8835481827137,224.4497296151157,228.83689975035696,112.5452998216503
joint_err,6.1245292131932665,9.997065664877411,14.77600291400781,19.758485414992347,24.734849420167667,29.384266517749584,33.75024959057809,37.74418549739813,41.21263530583679,44.18177815976974,46.837051055873715,49.30548990973765,51.61764757228539,53.875768715406764,56.10509979165156,58.25366623911374,60.34663577261639,62.35365265047201,64.1962090961985,65.93435385491308,67.58731500371722,69.20133877300488,70.78271139231411,72.30200672055464,73.73466708254006,75.0930870200631,76.37387328444235,77.60239739744809,78.79274669633305,80.01922284953592,81.21455144128653,82.37057591875786,83.45069930177024,84.524172288164,85.52784703093411,86.50037216535185,87.46253119071481,88.42785533049461,89.3765992532112,90.2518661093556,91.08554530770488,91.8406845588232,92.53362490039994,93.22592730653302,93.93260932189682,94.66280080938462,95.31540044479648,95.94080648674391,96.5697375080756,97.13711408546423,67.46660618673313
all_joint_err,7.239634499730464,11.652712378344662,17.274425037136158,23.387929232463595,29.713874728352515,35.95260237600463,42.16084054965158,48.218140235662354,53.94929019790021,59.32236039752639,64.58402034577365,69.82831044447782,75.05864111454432,80.31235289526573,85.54031988929931,90.7200482039806,95.90625293782699,101.0621578348134,106.12212728537465,111.14460449054998,116.1350274118604,121.10890260385428,126.09981640079721,131.08911734006992,136.09501972620183,141.14532279961017,146.1985454771624,151.23514096763355,156.26741312427228,161.3682171364103,166.4715594858443,171.53459802765812,176.51687497481117,181.47226913126383,186.38082380951258,191.2710142976117,196.21084499388112,201.19775526249342,206.23983443462637,211.26782388749447,216.3208677420553,221.32187943168006,226.21950565582168,231.0967524532416,235.986665486746,240.910780917111,245.77180769754713,250.58951180062022,255.29710149859207,259.7765307208358,137.35495939543998
err,0,12,25,49,mean
path_err,3.486262833935351,52.435866321153036,114.19440871802276,228.83689975035696,112.5452998216503
joint_err,6.1245292131932665,51.61764757228539,75.0930870200631,97.13711408546423,67.46660618673313
all_joint_err,7.239634499730464,75.05864111454432,141.14532279961017,259.7765307208358,137.35495939543998
hik-humof-base,16/07/2026 12:36:37,====> Epoch: 56 elapse: 1179.36 train_losses=0.21254 train_loss_joints=0.07995 train_loss_root=0.13259 lr: 0.00010
hik-humof-base,16/07/2026 12:56:13,====> Epoch: 57 elapse: 1175.34 train_losses=0.21214 train_loss_joints=0.07992 train_loss_root=0.13222 lr: 0.00009
"
",result_dir='./results/hik-releaseV0.1-base' epoch=57,16/07/2026 13:07:11
err,0,1,2,3,4,5,6,7,8,9,10,11,12,13,14,15,16,17,18,19,20,21,22,23,24,25,26,27,28,29,30,31,32,33,34,35,36,37,38,39,40,41,42,43,44,45,46,47,48,49,mean
path_err,3.4262558000688403,5.652435176564719,8.283614293204996,11.745001158984557,15.574429944427049,19.64457715862773,23.950934935405865,28.41304179890651,32.94610051539255,37.54108199104497,42.26831298860948,47.0409069882213,51.76573393102512,56.449695214767296,61.06909591454971,65.70528004057519,70.36948945815395,75.02167958235816,79.62793301546978,84.21199258528407,88.780034681599,93.35979577020895,97.96540661253768,102.59537198880109,107.23449733369239,111.89628706172577,116.56186617248564,121.22563742663864,125.90743378291575,130.58699278678597,135.26550903995607,139.9097655921192,144.5121501666256,149.07966903994608,153.64793778516443,158.25872838977187,162.94511043632343,167.69308198677552,172.48795178682496,177.2419365773609,182.00183643828842,186.75690896604183,191.4424602881407,196.13411888998704,200.85912910280865,205.59970745832393,210.31159311057476,214.93511566038353,219.44200894767764,223.82172220765122,110.18334715959556
joint_err,6.021247691857092,10.00310778912214,14.801732995393808,19.791978394535967,24.752749011538672,29.409799022327494,33.82034152361275,37.87121747315718,41.39608750678797,44.40906838141863,47.11657037508196,49.641236008490644,52.000092112389474,54.265621199902746,56.482301935238816,58.61058115252715,60.68315166431509,62.665601837075315,64.49319873514047,66.23321029846836,67.9045235099917,69.53432833128579,71.11230764757117,72.60465730633204,74.00117596491657,75.34502025723657,76.64020407292242,77.90284834450057,79.13336187234277,80.38508708200598,81.57697710797447,82.70077296184418,83.73201896020878,84.7654919406234,85.75625464720959,86.73499108194092,87.71320689758836,88.69140175515224,89.63714190627861,90.4839356208967,91.27162554727428,91.98018992278664,92.64146396769993,93.31360050400527,94.01144697535383,94.75220866414156,95.42713230856464,96.07173849104966,96.6948252321286,97.24311584253257,67.68463899665483
all_joint_err,7.055866224228511,11.693190006051559,17.24965003844254,23.37880279993942,29.717785321983264,35.965578805764494,42.17793391370751,48.20661426333196,53.86888875350494,59.18991832435358,64.43350136397802,69.65720492317908,74.8023006840329,79.89004000290026,84.91547150083669,89.9231204361996,94.9653880590002,99.98498970461262,104.9125566161561,109.84286816716828,114.76730032362777,119.7011703923922,124.63667513733304,129.54795451135988,134.44329261816014,139.3586687903295,144.27767901629994,149.19539786566176,154.11305309809228,159.08384763294214,164.06367232128943,169.01912052133963,173.89574523320624,178.75125453095725,183.58019227551176,188.40957595446682,193.2645752208607,198.15020248930136,203.0594816615092,207.91445642850115,212.7641305030796,217.58090942541057,222.33395400045129,227.11248568824823,231.92525073000587,236.78700953989184,241.5848201648241,246.31849934384192,250.93283305105115,255.36217509821688,135.4753410695507
err,0,12,25,49,mean
path_err,3.4262558000688403,51.76573393102512,111.89628706172577,223.82172220765122,110.18334715959556
joint_err,6.021247691857092,52.000092112389474,75.34502025723657,97.24311584253257,67.68463899665483
all_joint_err,7.055866224228511,74.8023006840329,139.3586687903295,255.36217509821688,135.4753410695507
hik-humof-base,16/07/2026 13:27:03,====> Epoch: 58 elapse: 1182.46 train_losses=0.21144 train_loss_joints=0.07980 train_loss_root=0.13164 lr: 0.00009
hik-humof-base,16/07/2026 13:46:41,====> Epoch: 59 elapse: 1177.72 train_losses=0.21074 train_loss_joints=0.07974 train_loss_root=0.13100 lr: 0.00008
"
",result_dir='./results/hik-releaseV0.1-base' epoch=59,16/07/2026 13:57:42
err,0,1,2,3,4,5,6,7,8,9,10,11,12,13,14,15,16,17,18,19,20,21,22,23,24,25,26,27,28,29,30,31,32,33,34,35,36,37,38,39,40,41,42,43,44,45,46,47,48,49,mean
path_err,3.4233623740000487,5.691823748116833,8.345226620381553,11.690106564987541,15.445609283635653,19.4296119928523,23.672175448619384,28.099883978914985,32.63698926524104,37.24500132520009,41.947346190300564,46.666430690661336,51.34864523950237,56.028108962888936,60.67940589142976,65.34417856429744,69.99605798083695,74.58087225450134,79.06266925563531,83.47869980409503,87.87668268471535,92.30718249844266,96.79826837309841,101.36016558014029,105.95131502780413,110.54902284309469,115.10157148592778,119.59783630772503,124.0926883155824,128.58748626172806,133.11268609085627,137.64831807326806,142.19404650828594,146.74838450411102,151.3170565248822,155.91863590684494,160.57389239159204,165.2681184039618,170.0172228592903,174.7389455150279,179.47647576454543,184.18718414128398,188.8027961013926,193.38854904179152,197.9945656231989,202.61326065869196,207.2476904418689,211.86271342910942,216.429965553304,220.91804545549903,108.74985955606327
joint_err,5.994943508196522,9.998077298846402,14.717344164649072,19.698012966077897,24.611455956557442,29.18645500448442,33.50463848973712,37.46899281785655,40.91744227913661,43.873942735220155,46.532466104193276,49.013715699856235,51.33096165722979,53.56214839335072,55.7270722672889,57.78492029596111,59.79873608390786,61.75118151759507,63.55497796219219,65.26132386481757,66.88071369599506,68.44420953645404,69.9543603338599,71.40280033041869,72.78753435551948,74.12861491151719,75.42256786094721,76.66492464875327,77.85064840621091,79.04717462473303,80.18427593623626,81.27886402880488,82.30950213406082,83.36690494380558,84.37935514592088,85.37007737641565,86.34280088806095,87.30487935975265,88.25429884102402,89.12755364868855,89.95112486476866,90.68474561641723,91.35577324005159,92.02299127461356,92.68926483685259,93.3809428931623,94.01488851185827,94.63919265131479,95.26490238621828,95.830442640597,66.69250277980376
all_joint_err,7.044307303938563,11.675640595365016,17.234304701053812,23.264622859472272,29.488820541305323,35.60323998062575,41.70020437497821,47.64206251227154,53.24150982136386,58.52690624386466,63.72527720409765,68.89875965211877,73.99856387581656,79.06553089899452,84.09345313927048,89.09137552223964,94.09590137709493,99.0267492249968,103.8092074649998,108.52818704814358,113.21722070889312,117.9277775425658,122.70120112770253,127.51393925181785,132.36257656242614,137.22802083410042,142.04681982042723,146.79841795258926,151.5129495493059,156.28214788878876,161.08954004414664,165.93177180724237,170.76663060891846,175.64127693747227,180.48620377969388,185.32169241072685,190.15351121249196,194.99720689863116,199.87629231955935,204.7155824698063,209.5668254299306,214.33541416451664,218.9959794658782,223.63217801530388,228.28214658717764,232.9893381540182,237.6966980738655,242.41746122252704,247.09367607161911,251.6349143232732,133.45940071154854
err,0,12,25,49,mean
path_err,3.4233623740000487,51.34864523950237,110.54902284309469,220.91804545549903,108.74985955606327
joint_err,5.994943508196522,51.33096165722979,74.12861491151719,95.830442640597,66.69250277980376
all_joint_err,7.044307303938563,73.99856387581656,137.22802083410042,251.6349143232732,133.45940071154854
hik-humof-base,16/07/2026 14:17:21,====> Epoch: 60 elapse: 1170.20 train_losses=0.21062 train_loss_joints=0.07969 train_loss_root=0.13093 lr: 0.00007
hik-humof-base,16/07/2026 14:36:52,====> Epoch: 61 elapse: 1170.98 train_losses=0.20975 train_loss_joints=0.07957 train_loss_root=0.13018 lr: 0.00006
"
",result_dir='./results/hik-releaseV0.1-base' epoch=61,16/07/2026 14:47:53
err,0,1,2,3,4,5,6,7,8,9,10,11,12,13,14,15,16,17,18,19,20,21,22,23,24,25,26,27,28,29,30,31,32,33,34,35,36,37,38,39,40,41,42,43,44,45,46,47,48,49,mean
path_err,3.171368057009859,5.506583691422219,8.170649074182162,11.627606952458489,15.45618797141972,19.46583727612138,23.680012032917215,28.083747572367034,32.62276729222689,37.249352498232746,41.988404214952766,46.75462289958572,51.48439201028346,56.20937841204122,60.91404287689382,65.64985397484794,70.38885208271029,75.09799380194468,79.73233536916054,84.30677569939579,88.836062554077,93.37639750689472,97.9631791414053,102.62401438904215,107.3250042741883,112.05771058693679,116.79463313354437,121.4988806330674,126.17901578498021,130.84514442502393,135.51796278752846,140.1752872482257,144.8174221702956,149.45622741985858,154.10212516023873,158.78586541952433,163.53064346161318,168.3080556399553,173.1251053055846,177.8977222762161,182.6995124463306,187.51552952330374,192.27946499273997,197.05261291658383,201.8493366737783,206.62777140553175,211.364760322423,216.01191888988026,220.559680376747,224.98679762461902,110.43449216500622
joint_err,5.918415485476673,10.081666298838956,14.800044040135782,19.716815124926026,24.65736193735537,29.29654098167515,33.65515455968147,37.63235995172096,41.07642210901118,44.036855701798096,46.72226733194805,49.23943813186597,51.58009985228328,53.82120508749857,56.00655167647325,58.10676260372006,60.1578129495355,62.13595257706056,63.96782078056092,65.70419246185661,67.35511081792214,68.94727768805265,70.49778683028708,71.98805594187054,73.40093167823348,74.75682291066532,76.05800854998543,77.30598877020076,78.50907904419597,79.73656168354987,80.91417980708533,82.04239991783209,83.08837485701059,84.14261352144608,85.14136928244757,86.11927402361859,87.08002906569484,88.03539114182453,88.9809429147399,89.85692848642626,90.68881167482957,91.44062455021815,92.14216071301148,92.84091335429082,93.52975136384904,94.22751490857134,94.84927372772304,95.44888483392958,96.0474670377116,96.59290607170101,67.20158349624693
all_joint_err,6.816835886909324,11.651251145254024,17.242658342738732,23.33576648254522,29.665790184655283,35.866416971510695,41.958946217847185,47.86366430790369,53.450442265275946,58.75033305927063,63.987199753147,69.20470847327773,74.33845228454005,79.43219015290718,84.50526631253412,89.57825704578063,94.66857500595083,99.72731394348237,104.68048967682579,109.60358940998918,114.48434561767253,119.35320496106289,124.25554062236571,129.19294056133774,134.15214610922175,139.13425492979513,144.10516639155034,149.03761373792915,153.93759773741593,158.8901815815114,163.86019474393854,168.83654526312142,173.76905517581022,178.722796080015,183.64211552376045,188.55359439809277,193.46396493940725,198.37475656249424,203.30709183656268,208.1890638032921,213.10142060757914,217.99938487818204,222.849811614239,227.71505464664835,232.58021323084196,237.4498859543765,242.23715205483117,246.9668268269816,251.59155148681654,256.05169103022786,135.44266619658853
err,0,12,25,49,mean
path_err,3.171368057009859,51.48439201028346,112.05771058693679,224.98679762461902,110.43449216500622
joint_err,5.918415485476673,51.58009985228328,74.75682291066532,96.59290607170101,67.20158349624693
all_joint_err,6.816835886909324,74.33845228454005,139.13425492979513,256.05169103022786,135.44266619658853
hik-humof-base,16/07/2026 15:07:34,====> Epoch: 62 elapse: 1172.07 train_losses=0.20961 train_loss_joints=0.07948 train_loss_root=0.13013 lr: 0.00006
hik-humof-base,16/07/2026 15:27:12,====> Epoch: 63 elapse: 1177.96 train_losses=0.20882 train_loss_joints=0.07951 train_loss_root=0.12932 lr: 0.00005
"
",result_dir='./results/hik-releaseV0.1-base' epoch=63,16/07/2026 15:38:20
err,0,1,2,3,4,5,6,7,8,9,10,11,12,13,14,15,16,17,18,19,20,21,22,23,24,25,26,27,28,29,30,31,32,33,34,35,36,37,38,39,40,41,42,43,44,45,46,47,48,49,mean
path_err,3.204269857720263,5.493903793298334,8.133980752513901,11.54634737688581,15.345521822578547,19.380292785718364,23.67347431090479,28.15560200641518,32.73635326031765,37.347348428138424,42.038536104835686,46.74704758035178,51.44041340558693,56.14371399643247,60.81843351705552,65.52611641238262,70.23260053521756,74.91057988014505,79.5117057469311,84.07124952602634,88.61301482729121,93.18102044621565,97.79904799301235,102.46479529375146,107.1469583893199,111.8312103826937,116.48468665304273,121.11149471303537,125.734238670945,130.33997128571698,134.9621818450026,139.5734057584408,144.1679079107665,148.7576107615813,153.34933349525036,157.99416703776447,162.737882657175,167.53399679135848,172.37734810919443,177.17005960703295,181.96273926017747,186.74763848292142,191.4606966376033,196.17177587460463,200.91376698066028,205.66872701947767,210.3951429364312,215.03429589636002,219.55118320974023,223.90352314754998,110.03194626347147
joint_err,5.9090182519152865,9.865832677946829,14.647576450178496,19.62613881816257,24.546578463097326,29.16901952733821,33.54437044463501,37.5562934070495,41.05125151403659,44.049753273824955,46.73741727754929,49.223529510884966,51.53568645792336,53.76947041594716,55.965064724352814,58.088825477544454,60.1738789010566,62.19012005733802,64.03308460151256,65.76396055975832,67.40884409271789,69.00107829318259,70.54134956556076,72.01741518283792,73.42625494840895,74.80029762923364,76.13508076567071,77.41909524967308,78.65207461741282,79.89902612087376,81.08624859867696,82.21779776604917,83.27120108692104,84.33473723363304,85.33658240091799,86.31165669584253,87.28510746385638,88.27196556354181,89.24860638917136,90.1500881940937,91.01026292050832,91.79257361147292,92.50391488777362,93.18470636991505,93.84718116629253,94.53520567796456,95.16456497239045,95.77830872842198,96.38592184649613,96.93166041624183,67.30791358535612
all_joint_err,6.851943126838451,11.559239600706817,17.12088405750856,23.21654742493345,29.50739718112082,35.69324710841527,41.83756427514193,47.80638735538159,53.44313108220033,58.761241981784295,63.97830585436407,69.13703970317873,74.22501828746219,79.29334785778497,84.35126782695386,89.41952357301595,94.51233212155532,99.56542309104735,104.48683167713932,109.3682414346726,114.2208062394233,119.0876500473579,124.00072731520336,128.94318681088575,133.89204258868767,138.8595122693973,143.808086136521,148.7182373787527,153.60583913596165,158.53061740874085,163.4828961107474,168.4490526053993,173.3647539810902,178.27543144873837,183.1363239941889,187.9883313356535,192.87783549632948,197.80919662708027,202.7784887734671,207.71719463471854,212.67129662659661,217.5777153917367,222.3881322586542,227.18244411539223,231.9723418048406,236.79603767366038,241.5658228123121,246.29060730458102,250.89841451602874,255.2949357333471,135.126377463934
err,0,12,25,49,mean
path_err,3.204269857720263,51.44041340558693,111.8312103826937,223.90352314754998,110.03194626347147
joint_err,5.9090182519152865,51.53568645792336,74.80029762923364,96.93166041624183,67.30791358535612
all_joint_err,6.851943126838451,74.22501828746219,138.8595122693973,255.2949357333471,135.126377463934
hik-humof-base,16/07/2026 15:57:58,====> Epoch: 64 elapse: 1169.58 train_losses=0.20838 train_loss_joints=0.07943 train_loss_root=0.12895 lr: 0.00004
hik-humof-base,16/07/2026 16:17:32,====> Epoch: 65 elapse: 1173.13 train_losses=0.20857 train_loss_joints=0.07937 train_loss_root=0.12919 lr: 0.00004
"
",result_dir='./results/hik-releaseV0.1-base' epoch=65,16/07/2026 16:28:31
err,0,1,2,3,4,5,6,7,8,9,10,11,12,13,14,15,16,17,18,19,20,21,22,23,24,25,26,27,28,29,30,31,32,33,34,35,36,37,38,39,40,41,42,43,44,45,46,47,48,49,mean
path_err,3.2404165917631342,5.3200099980658155,8.105677429543062,11.531064185218922,15.290330748457691,19.318579759093844,23.573371547910693,28.01074474583533,32.58455399230809,37.22966580002563,41.96205180913296,46.70439754516371,51.409683778571825,56.092212943207656,60.734251769656666,65.41755229411308,70.11946077097551,74.80319615302342,79.42698840909482,84.01122209221882,88.55708466712292,93.10820342341992,97.69101294861106,102.31981798610215,106.97318827049871,111.63413550893218,116.27822255783938,120.91453244595193,125.56815158268398,130.21887452782443,134.87878947648537,139.5326318974155,144.16947552832113,148.7867229254009,153.40612870620532,158.05302706374854,162.76683229169046,167.51762985041975,172.31755468769651,177.08023433862098,181.86120008954956,186.6583394580401,191.39649335998584,196.13411512224167,200.89030385361565,205.64852820904923,210.3808930698743,215.02373265995476,219.56142152339342,223.9775332776342,109.96380487343424
joint_err,5.796318693470582,9.829996225319812,14.593731075901152,19.59635270681629,24.529510900398606,29.15733551122265,33.541475541413035,37.54862124045702,41.03065232179245,44.02966968304226,46.73398894626778,49.25188739200871,51.60943347529933,53.88813141703407,56.10445575173585,58.2208976233337,60.29092048261869,62.283676543907454,64.11669722916308,65.86515739086894,67.54710863216582,69.1763324553509,70.74086340233433,72.22822142342923,73.63394672177589,74.98529479145334,76.28908237594364,77.55623899808936,78.79169040529801,80.04999830990536,81.24817666665452,82.38864964834555,83.43896204134447,84.48699694095711,85.47529091390862,86.45065032571776,87.42338760412494,88.3935140342521,89.34151587415984,90.20503175745907,91.02045025185708,91.75954774744405,92.45041915302019,93.14213797524786,93.82959132932852,94.53860026256525,95.17141303072728,95.77003965948767,96.35036898463571,96.87461980369892,67.37554103345508
all_joint_err,6.824053296939052,11.358920841969866,17.01894522963134,23.155254784950532,29.421850486450907,35.59466881957429,41.71420062517544,47.66094086380683,53.30384687402114,58.655112913868166,63.908623989692416,69.11420057725987,74.25738802037328,79.35820491167934,84.41110928720515,89.4511723532863,94.51429933748824,99.55466857816542,104.4963319655556,109.42858131510421,114.34244723726489,119.24724961247348,124.15903739664007,129.0700231944694,133.98281233847965,138.91169964551673,143.83672092881469,148.75794661622916,153.68600361543918,158.66992739337027,163.66076896915573,168.6535794907764,173.58759829491183,178.507231557429,183.37691249573527,188.23250532693694,193.10284985033798,197.98752508379374,202.90362353093752,207.7788443138599,212.66769900942913,217.53068548842162,222.33447335154392,227.1480969863901,231.97163428384977,236.82246409620382,241.60828546556797,246.33527544743563,250.94869654513008,255.38893511113815,135.16827855499758
err,0,12,25,49,mean
path_err,3.2404165917631342,51.409683778571825,111.63413550893218,223.9775332776342,109.96380487343424
joint_err,5.796318693470582,51.60943347529933,74.98529479145334,96.87461980369892,67.37554103345508
all_joint_err,6.824053296939052,74.25738802037328,138.91169964551673,255.38893511113815,135.16827855499758
hik-humof-base,16/07/2026 16:48:15,====> Epoch: 66 elapse: 1173.98 train_losses=0.20810 train_loss_joints=0.07926 train_loss_root=0.12884 lr: 0.00003
hik-humof-base,16/07/2026 17:07:45,====> Epoch: 67 elapse: 1170.65 train_losses=0.20766 train_loss_joints=0.07922 train_loss_root=0.12844 lr: 0.00002
"
",result_dir='./results/hik-releaseV0.1-base' epoch=67,16/07/2026 17:18:42
err,0,1,2,3,4,5,6,7,8,9,10,11,12,13,14,15,16,17,18,19,20,21,22,23,24,25,26,27,28,29,30,31,32,33,34,35,36,37,38,39,40,41,42,43,44,45,46,47,48,49,mean
path_err,3.0280591884922012,5.30031226578771,8.128341870424034,11.518481504661736,15.241806969202827,19.229030295755884,23.465618708542713,27.91710675460121,32.49467359571322,37.10953754062548,41.779264880157754,46.45275408474259,51.09500131460693,55.72552020074097,60.33595418734421,64.99258191403312,69.65230803615759,74.28532419931452,78.85866208363406,83.39251327199462,87.88536487424868,92.37755690822303,96.89083463097575,101.45734308737242,106.04047295243305,110.63258712405113,115.2199257780509,119.80460260146621,124.40046101532307,128.99453972197833,133.61003946486332,138.20915047547462,142.79199146496236,147.354298260342,151.92523997635342,156.53961314526106,161.22891829198952,165.97941849771885,170.795987042191,175.58704939063895,180.39158759662726,185.20475290698712,189.93766779523548,194.64045154379957,199.35217226662004,204.07979745775023,208.81313785668328,213.4923476829407,218.0920179139117,222.5866381963722,109.08637637574759
joint_err,5.731984819549501,9.74183635470027,14.522233176079226,19.533140869275396,24.45736888820432,29.057190001074293,33.40659476788351,37.388376928973464,40.848901189944065,43.8196377005372,46.49755012262666,48.996439419008645,51.33092358579318,53.5754279160351,55.763950361123726,57.863317947405086,59.91462565015431,61.902769882435166,63.7371047998413,65.47909650808408,67.14188435794625,68.74343871055919,70.28313037961871,71.75476463926796,73.16063274965516,74.52079009781527,75.82762642229895,77.08557936181923,78.29975560160325,79.52996959368919,80.71102873747553,81.8431925635953,82.90114657818374,83.96102430754893,84.96827503917899,85.94147202780573,86.89685998907062,87.84817496325684,88.78488076745766,89.65729843825667,90.48592624938193,91.23620853255973,91.92826562767569,92.61214711386786,93.28993290431809,93.98802091893845,94.61850233125824,95.2259388272115,95.82372058435988,96.3634518645234,66.98003022337853
all_joint_err,6.59455547199534,11.29061653994985,17.010072145150836,23.127157716036677,29.353992468661186,35.466419443173386,41.54659933349025,47.48375176061089,53.109346534176595,58.40342779540668,63.57587516407459,68.69326012237079,73.75405791537267,78.78669328809853,83.80577231301234,88.822800298716,93.83732749777822,98.81944951451743,103.69882483446857,108.56085590924232,113.40058020157142,118.23773229218168,123.09695618834797,127.9671064736071,132.8345019030111,137.709165974385,142.57049220000658,147.42153942757076,152.27420998278984,157.18691691568313,162.13165920314376,167.06820390014695,171.96022622800132,176.82674131826724,181.65332684852382,186.475780810507,191.31859122139943,196.2051210278817,201.14220862438606,206.06091417017868,210.98514395523824,215.86812417424935,220.65685822814817,225.42601366424213,230.1916888991563,235.00425968465788,239.79300192615722,244.55665147262872,249.2406678913466,253.76914471700331,134.09548771181443
err,0,12,25,49,mean
path_err,3.0280591884922012,51.09500131460693,110.63258712405113,222.5866381963722,109.08637637574759
joint_err,5.731984819549501,51.33092358579318,74.52079009781527,96.3634518645234,66.98003022337853
all_joint_err,6.59455547199534,73.75405791537267,137.709165974385,253.76914471700331,134.09548771181443
hik-humof-base,16/07/2026 17:38:25,====> Epoch: 68 elapse: 1173.68 train_losses=0.20743 train_loss_joints=0.07918 train_loss_root=0.12825 lr: 0.00001
hik-humof-base,16/07/2026 17:57:56,====> Epoch: 69 elapse: 1171.51 train_losses=0.20718 train_loss_joints=0.07911 train_loss_root=0.12807 lr: 0.00001
"
",result_dir='./results/hik-releaseV0.1-base' epoch=69,16/07/2026 18:08:50
err,0,1,2,3,4,5,6,7,8,9,10,11,12,13,14,15,16,17,18,19,20,21,22,23,24,25,26,27,28,29,30,31,32,33,34,35,36,37,38,39,40,41,42,43,44,45,46,47,48,49,mean
path_err,2.9706788863355564,5.171748386805515,7.938869681864266,11.359462395928547,15.117892269495139,19.137632421602362,23.380685101216947,27.803314916813306,32.342657716309404,36.94634617751645,41.64701351739411,46.380828332980705,51.08567071511669,55.76379324342501,60.40074785073429,65.0721039521696,69.75555377353598,74.42313102562909,79.03388092771813,83.61130004105932,88.1519524852948,92.69289497799504,97.26137132960564,101.870164204977,106.49843395091429,111.13391155675632,115.76064213342787,120.3774891803917,124.99976366454935,129.61879592230935,134.26595351160196,138.91128961338205,143.53833798488355,148.1547683337017,152.7682421254887,157.40609216103164,162.11887401136795,166.88515209459712,171.71123734797195,176.49860991440434,181.3006195104008,186.09933180389498,190.81690460511425,195.52251006889952,200.26122808202823,205.02663954759583,209.78992773468164,214.48396209923442,219.06639099157323,223.5019014266066,109.51673407416662
joint_err,5.67220407626564,9.730060820185727,14.446940883833339,19.42239740240485,24.339770943791358,28.947636106966694,33.30727823190714,37.293118494764464,40.753892513778574,43.72825725899879,46.4068162207581,48.90004533562793,51.228595416681,53.472336991328525,55.66305014033246,57.7644048726517,59.818188880754626,61.800621926576206,63.62357817147572,65.35153962018515,67.0055298616125,68.60445022510551,70.14313011415062,71.61676815769408,73.02503040760344,74.38861904418174,75.69954962629693,76.9624420981008,78.17668427342866,79.40185400621269,80.571103016306,81.69589558373721,82.75141229275928,83.81452125322672,84.81972426959508,85.79844118631858,86.75933580705775,87.71159038085776,88.6458131955797,89.50540233647419,90.32429082472262,91.06749844141706,91.75503217708447,92.43923517150948,93.12290833580006,93.82777475075345,94.45883500106862,95.05990854495747,95.64571177012071,96.17555186734376,66.85289556660689
all_joint_err,6.538072669737934,11.207961849104107,16.83105884863964,22.93526858675536,29.178998480178613,35.32489120751923,41.425248329770945,47.35257823567607,52.95070894871996,58.23903163231863,63.43441238846755,68.59601694225015,73.6960117631436,78.76035364144045,83.78982673461559,88.81367328880297,93.8633510161091,98.8908910294866,103.81591939542128,108.7180072097245,113.59154778652832,118.46089238110437,123.34674596786499,128.24574827948632,133.1453705663613,138.05260681450287,142.94750267313418,147.82283532005405,152.6916727181391,157.61155073919153,162.56198429659207,167.53034765751886,172.4536006364792,177.3729209315902,182.24404512468288,187.09893279879168,191.97080496179535,196.868269806882,201.80652786797438,206.70849335735247,211.62612904460394,216.49756940225214,221.29150845145512,226.0805026246972,230.88361490209348,235.7327742809185,240.53921862189085,245.30557817355637,249.95979328427956,254.42515436122346,134.3847305206176
err,0,12,25,49,mean
path_err,2.9706788863355564,51.08567071511669,111.13391155675632,223.5019014266066,109.51673407416662
joint_err,5.67220407626564,51.228595416681,74.38861904418174,96.17555186734376,66.85289556660689
all_joint_err,6.538072669737934,73.6960117631436,138.05260681450287,254.42515436122346,134.3847305206176
