modal,15/07/2026 13:43:16,====> Epoch: 0 elapse: 407.91 train_losses=0.50745 train_loss_joints=0.21863 train_loss_root=0.28882 lr: 0.00050
modal,15/07/2026 13:50:11,====> Epoch: 1 elapse: 414.66 train_losses=0.27440 train_loss_joints=0.09475 train_loss_root=0.17965 lr: 0.00049
modal,15/07/2026 14:10:53,====> Epoch: 0 elapse: 754.68 train_losses=0.50649 train_loss_joints=0.21819 train_loss_root=0.28830 lr: 0.00050
modal,15/07/2026 14:22:31,====> Epoch: 0 elapse: 449.54 train_losses=0.50520 train_loss_joints=0.21780 train_loss_root=0.28740 lr: 0.00050
modal,15/07/2026 14:30:08,====> Epoch: 1 elapse: 456.91 train_losses=0.27358 train_loss_joints=0.09488 train_loss_root=0.17870 lr: 0.00049
modal,15/07/2026 14:37:53,====> Epoch: 2 elapse: 464.56 train_losses=0.26074 train_loss_joints=0.09185 train_loss_root=0.16889 lr: 0.00049
modal,15/07/2026 14:45:26,====> Epoch: 3 elapse: 452.87 train_losses=0.25435 train_loss_joints=0.09007 train_loss_root=0.16428 lr: 0.00048
modal,15/07/2026 14:53:00,====> Epoch: 4 elapse: 453.88 train_losses=0.24960 train_loss_joints=0.08891 train_loss_root=0.16069 lr: 0.00047
modal,15/07/2026 15:00:29,====> Epoch: 5 elapse: 448.99 train_losses=0.24664 train_loss_joints=0.08811 train_loss_root=0.15854 lr: 0.00046
"
",result_dir='./results/hik-releaseV0.1-gated' epoch=5,15/07/2026 15:05:23
err,0,1,2,3,4,5,6,7,8,9,10,11,12,13,14,15,16,17,18,19,20,21,22,23,24,25,26,27,28,29,30,31,32,33,34,35,36,37,38,39,40,41,42,43,44,45,46,47,48,49,mean
path_err,6.844111599787773,8.805987335568304,12.15385422031308,15.898285990943483,20.463163874021074,25.346992642950855,30.25576576891686,35.28786397300906,40.36755126228341,45.392023366357286,50.43775099078458,55.64773009370805,60.89716852209413,65.93818781658828,70.6387183537981,75.1293893326671,79.59504221967788,84.18828301961581,88.98547123746839,93.99630521282457,99.02102536315378,103.9046536207815,108.64783814206636,113.32430593729417,117.94765297900288,122.61409508459221,127.28347522548368,131.89251452589303,136.47295499967416,141.01064082899094,145.5444963285217,150.07410185656963,154.66582881083806,159.35659693867362,164.08171741238954,168.78643883269095,173.521209109103,178.3170452724382,183.09725471188497,187.77607233034152,192.47970483600506,197.22446242720682,201.84741598406637,206.3828862160829,210.9083916673253,215.46714253527762,220.06787210046258,224.72878136255878,229.4530801598451,234.12568297289803,119.32589970810982
joint_err,8.19773183219376,12.742121043746513,18.484615653304957,24.170000678390522,29.760386410445687,35.00435227700016,39.83559871658223,44.13835393442352,47.842636661423754,51.024132401833434,53.87203218980032,56.51747588962068,58.933679419182624,61.2111574129717,63.38015793757749,65.3862349758067,67.26357012040673,69.038271487366,70.71481956897254,72.39203076470571,74.0534870607515,75.66186264010118,77.18827029869307,78.60736800008152,79.92221576938185,81.16900008819944,82.36819712192957,83.48241841026831,84.507722085487,85.53060367103406,86.51475462756282,87.47955601984489,88.42936457516737,89.47403342903901,90.45866113215517,91.41631717650004,92.3540629871057,93.27816831868138,94.16287120325806,94.96394737642454,95.74948718819171,96.48204681232443,97.11831410484389,97.70001632937941,98.28047646593674,98.90306892592102,99.48927755505096,100.10083062980986,100.76009096879761,101.341264640247,72.93714229975849
all_joint_err,11.101191558024203,16.256521762893694,22.68304685893491,29.375269576565252,36.71188818259979,44.169471458069296,51.19206113413898,57.710856561547736,63.860448261576025,69.69207219576839,75.34324441287967,81.04279386908463,86.69692181903275,92.08103571052592,97.10214859336872,101.87577971244109,106.57733283023344,111.35374825878576,116.31531056762195,121.56536156709859,126.89597103809842,132.09254847455398,137.14657092851593,142.05723750049665,146.8602637175169,151.69446376152194,156.55280611395855,161.33768772973858,166.02909862044154,170.70490014062176,175.39101724040634,180.12614654853448,184.95301444232328,189.95038864551353,194.94944422318568,199.8787921642645,204.77000510614707,209.68083753138032,214.54811226613361,219.34254494432147,224.211118464375,229.12153823092035,233.86899654380892,238.47645938695337,243.01994868531958,247.59759125494338,252.19169198841766,256.90259520106537,261.71156282646643,266.4070308724719,146.22353778967215
err,0,12,25,49,mean
path_err,6.844111599787773,60.89716852209413,122.61409508459221,234.12568297289803,119.32589970810982
joint_err,8.19773183219376,58.933679419182624,81.16900008819944,101.341264640247,72.93714229975849
all_joint_err,11.101191558024203,86.69692181903275,151.69446376152194,266.4070308724719,146.22353778967215
modal,15/07/2026 15:13:15,====> Epoch: 6 elapse: 467.22 train_losses=0.24466 train_loss_joints=0.08747 train_loss_root=0.15719 lr: 0.00046
modal,15/07/2026 15:20:46,====> Epoch: 7 elapse: 450.45 train_losses=0.24228 train_loss_joints=0.08676 train_loss_root=0.15552 lr: 0.00045
modal,15/07/2026 15:28:28,====> Epoch: 8 elapse: 461.55 train_losses=0.24121 train_loss_joints=0.08614 train_loss_root=0.15507 lr: 0.00044
modal,15/07/2026 15:35:56,====> Epoch: 9 elapse: 448.83 train_losses=0.23925 train_loss_joints=0.08578 train_loss_root=0.15347 lr: 0.00044
modal,15/07/2026 15:43:29,====> Epoch: 10 elapse: 452.32 train_losses=0.23838 train_loss_joints=0.08530 train_loss_root=0.15308 lr: 0.00043
modal,15/07/2026 15:51:07,====> Epoch: 11 elapse: 458.00 train_losses=0.23731 train_loss_joints=0.08511 train_loss_root=0.15220 lr: 0.00042
"
",result_dir='./results/hik-releaseV0.1-gated' epoch=11,15/07/2026 15:55:55
err,0,1,2,3,4,5,6,7,8,9,10,11,12,13,14,15,16,17,18,19,20,21,22,23,24,25,26,27,28,29,30,31,32,33,34,35,36,37,38,39,40,41,42,43,44,45,46,47,48,49,mean
path_err,5.040549699037638,7.3774576706783765,10.794834089331706,14.728299377899623,19.21233205135208,24.047443661043445,28.929931928893748,33.626981087503346,38.21404961861479,42.962609858901246,47.91487000974328,52.949449865130774,57.93107940313429,62.76145302548341,67.37961035118225,71.85252731992307,76.29939641131581,80.82289227307558,85.45323429707607,90.15164113012133,94.8437881440744,99.49062315187018,104.06507506158246,108.60991874213568,113.13289985832807,117.72116652340752,122.3732637989541,127.06662203435603,131.7819431458105,136.43932728360915,141.03816807623275,145.5343370469503,150.03267325015983,154.56322434643738,159.15732903785573,163.82557311294977,168.56034867869667,173.36448942377763,178.21696983465506,183.04218967495999,187.82478448667527,192.5801479912442,197.23612798272865,201.84585665374013,206.44561846990604,211.05267238587962,215.70338905446346,220.38054697203103,225.10057635228335,229.83259074033313,115.58625768891059
joint_err,7.186880024157656,11.533694348288531,16.946522132085278,22.59197890251318,28.04589537597141,32.99216236854067,37.54305689870324,41.61497264027215,45.01793599567086,47.82742309436268,50.378329280915004,52.828661143064245,55.12487268831896,57.321856814737906,59.49245142168666,61.598340834804695,63.65355561250902,65.6177419656824,67.40865355892178,69.07930713423733,70.62605665078226,72.10662438412638,73.58974968747624,75.06194376525247,76.50325597102402,77.86743817693863,79.14191084128349,80.29907400204841,81.36532540706095,82.45677688784411,83.51579399533483,84.5521602328471,85.53335655244572,86.56192734291842,87.50923465874543,88.38952934464827,89.19262837139131,89.97155855245784,90.77558805833488,91.55568552495426,92.34759131385063,93.10922408390147,93.83285791927187,94.53670295823437,95.19926795407353,95.84096411480546,96.40084996156065,96.9530612189544,97.53210904876832,98.06878312962556,69.8840264469281
all_joint_err,9.28051078451783,14.145305726941533,20.540826016964296,27.390729872004055,34.535941368829626,41.6056774675511,48.38757727070431,54.57382888856258,60.09835661444833,65.29179200034177,70.54422518852326,75.93710130243892,81.29311490975475,86.45632665147536,91.4443884734922,96.34556901290087,101.25139116099713,106.19117785797096,111.14418225852829,116.14729116035801,121.11570042256724,126.03455343573964,130.947766550731,135.83819691559913,140.70426820893542,145.61302683451603,150.55684397746285,155.49173282283616,160.390987265456,165.28803979602378,170.137688547006,174.9129923367062,179.6705812473932,184.48746488768538,189.33121816779754,194.1890357711217,199.02639933549747,203.87505742304776,208.76558651009006,213.63997622439064,218.52893690591233,223.39255334106085,228.19450524345646,232.97058731711502,237.70932809974335,242.41156180277002,247.05801303943517,251.72012032681442,256.4367731551127,261.14757056294957,141.24384760924556
err,0,12,25,49,mean
path_err,5.040549699037638,57.93107940313429,117.72116652340752,229.83259074033313,115.58625768891059
joint_err,7.186880024157656,55.12487268831896,77.86743817693863,98.06878312962556,69.8840264469281
all_joint_err,9.28051078451783,81.29311490975475,145.61302683451603,261.14757056294957,141.24384760924556
modal,15/07/2026 16:03:31,====> Epoch: 12 elapse: 451.21 train_losses=0.23600 train_loss_joints=0.08474 train_loss_root=0.15126 lr: 0.00041
modal,15/07/2026 16:11:06,====> Epoch: 13 elapse: 454.82 train_losses=0.23540 train_loss_joints=0.08451 train_loss_root=0.15089 lr: 0.00041
modal,15/07/2026 16:18:40,====> Epoch: 14 elapse: 453.78 train_losses=0.23407 train_loss_joints=0.08425 train_loss_root=0.14982 lr: 0.00040
modal,15/07/2026 16:26:16,====> Epoch: 15 elapse: 456.05 train_losses=0.23305 train_loss_joints=0.08398 train_loss_root=0.14907 lr: 0.00039
modal,15/07/2026 16:33:48,====> Epoch: 16 elapse: 451.87 train_losses=0.23245 train_loss_joints=0.08382 train_loss_root=0.14862 lr: 0.00039
modal,15/07/2026 16:41:20,====> Epoch: 17 elapse: 451.06 train_losses=0.23201 train_loss_joints=0.08371 train_loss_root=0.14830 lr: 0.00038
"
",result_dir='./results/hik-releaseV0.1-gated' epoch=17,15/07/2026 16:46:06
err,0,1,2,3,4,5,6,7,8,9,10,11,12,13,14,15,16,17,18,19,20,21,22,23,24,25,26,27,28,29,30,31,32,33,34,35,36,37,38,39,40,41,42,43,44,45,46,47,48,49,mean
path_err,4.9211806202325175,7.168136338951413,10.488845490608655,14.112213051096319,17.722571000078677,21.621443307466773,25.987980863802015,30.630389262144188,35.375881135744486,40.15382932567828,44.97498775158876,49.782680552195245,54.51729751035374,59.25440488932542,63.95491242155154,68.63092924211367,73.27605721671935,77.92497192485556,82.50377850589773,87.04119297603474,91.52758377805849,96.02753165246071,100.57441207562296,105.17036792554856,109.76575395833068,114.3823971213622,118.98895062459782,123.56672272858259,128.14384007812578,132.75398351812487,137.41996709997215,142.1006542990371,146.7805260167153,151.43317641720657,156.04478935035343,160.6712365943852,165.33966187448274,170.07766306499926,174.87071905794014,179.60307168264987,184.35522357375223,189.1312683684687,193.81320080737578,198.43546170591313,203.02760118301327,207.5733761895375,212.10668629887002,216.63317706986703,221.1654257256288,225.69236939592105,112.54440965246684
joint_err,7.0375008481674834,11.305687941419482,16.101475248599808,21.219544023243675,26.422940471979864,31.273785681370235,35.77932270034036,39.816985035573,43.26208600373349,46.229862968459024,48.980950127255134,51.584173496000275,53.98040663016783,56.25109254290423,58.43938159609326,60.465168412234206,62.369608956980244,64.23550135928834,66.05943506692539,67.83550250423369,69.49778013254006,71.04299743112831,72.5033059795474,73.88773983036778,75.22017547124571,76.54697190228067,77.87200097997145,79.13870258799369,80.3290224060826,81.52729439492683,82.66162533579654,83.69912780213367,84.63061163806205,85.59228664400221,86.5371748771082,87.49121053478599,88.44408628843128,89.40449842945128,90.3503535420966,91.22066203628769,92.04156284472842,92.78906991173479,93.47267615325978,94.12888001750765,94.76156084212538,95.40371643230738,95.9859977122082,96.57037738173443,97.17892690227308,97.73518034361575,68.92631976801407
all_joint_err,8.963247990104641,13.812815769657757,19.642257511325926,25.938278730110166,32.2550887522446,38.46156256364809,44.72805251015155,50.82645507826847,56.56996189578835,62.02934357899334,67.4203079878206,72.77412095107563,77.99318914191736,83.09931750356236,88.10563234912645,93.03669184287835,97.95096452756776,102.89374304078594,107.78862361106589,112.6717938023341,117.47889378534191,122.2518871138839,127.06412105751588,131.87780743075655,136.71368043521602,141.5974984522595,146.4998904938865,151.37951376952222,156.24098686475628,161.17088133722538,166.11349858007358,171.02879969621932,175.8902392621425,180.75001428163878,185.57917769240348,190.4194220241633,195.27417159591326,200.18029709279654,205.11246310815028,209.98185571430847,214.86729168815828,219.75227308715301,224.54674746413812,229.2991635502698,234.00161125398736,238.651363089932,243.22182555054482,247.791193372445,252.37115986204822,256.92250264522386,137.81983360981002
err,0,12,25,49,mean
path_err,4.9211806202325175,54.51729751035374,114.3823971213622,225.69236939592105,112.54440965246684
joint_err,7.0375008481674834,53.98040663016783,76.54697190228067,97.73518034361575,68.92631976801407
all_joint_err,8.963247990104641,77.99318914191736,141.5974984522595,256.92250264522386,137.81983360981002
modal,15/07/2026 16:54:11,====> Epoch: 18 elapse: 480.15 train_losses=0.23127 train_loss_joints=0.08358 train_loss_root=0.14769 lr: 0.00037
modal,15/07/2026 17:01:50,====> Epoch: 19 elapse: 459.15 train_losses=0.23077 train_loss_joints=0.08335 train_loss_root=0.14742 lr: 0.00036
modal,15/07/2026 17:09:21,====> Epoch: 20 elapse: 451.27 train_losses=0.23028 train_loss_joints=0.08326 train_loss_root=0.14702 lr: 0.00036
modal,15/07/2026 17:16:52,====> Epoch: 21 elapse: 450.29 train_losses=0.22902 train_loss_joints=0.08309 train_loss_root=0.14593 lr: 0.00035
modal,15/07/2026 17:24:24,====> Epoch: 22 elapse: 451.99 train_losses=0.22892 train_loss_joints=0.08305 train_loss_root=0.14588 lr: 0.00034
modal,15/07/2026 17:32:07,====> Epoch: 23 elapse: 463.27 train_losses=0.22798 train_loss_joints=0.08282 train_loss_root=0.14516 lr: 0.00034
"
",result_dir='./results/hik-releaseV0.1-gated' epoch=23,15/07/2026 17:36:56
err,0,1,2,3,4,5,6,7,8,9,10,11,12,13,14,15,16,17,18,19,20,21,22,23,24,25,26,27,28,29,30,31,32,33,34,35,36,37,38,39,40,41,42,43,44,45,46,47,48,49,mean
path_err,4.7122769084921945,6.459168189463781,9.54079698013274,12.944640327670113,16.699866574416678,20.76367884104492,25.112263463203206,29.72642033545012,34.52705761397651,39.387744638427485,44.28186457020554,49.12903964238731,53.81393802598914,58.378562818017706,62.91243052649255,67.53340800959477,72.18230479376926,76.82496976334352,81.43431164268809,86.00784961602334,90.51285272690866,94.9717172643838,99.4096866740479,103.87568983004967,108.3635728494354,112.9362840834332,117.56946580095904,122.17083931548892,126.72332023853336,131.23064677125868,135.74623300789736,140.25722350090257,144.77454906827936,149.30510636865685,153.85363773451155,158.40001156800716,162.98496666115443,167.63735725024318,172.33921138915298,177.0228460247693,181.7102319037474,186.41013685031388,191.01371233123828,195.58163122861984,200.16628064531048,204.76783944958703,209.3985387301159,214.04404849235164,218.71774775553322,223.3353182277207,110.95206594046802
joint_err,6.689038064827257,10.73767092430452,15.584103961227115,20.67293658741628,25.785721103718643,30.54927048794025,35.01728883522873,39.05467039418246,42.504350033380256,45.455662797711355,48.177606581989494,50.73448721262264,53.04891135967569,55.21007030047539,57.33865355941739,59.406292151397636,61.41938992572617,63.36175239732827,65.1939444412596,66.9419484702926,68.60685363907778,70.18640979302543,71.7028457512339,73.12756365618252,74.48621095811826,75.81610486076661,77.13427849407164,78.39719400708752,79.57332399800417,80.73222555662792,81.82664905487812,82.86315833085794,83.8487889244643,84.89550612759325,85.91330496124756,86.91225698011984,87.85749359381559,88.77708501247736,89.65992897662905,90.46591737498231,91.21924752867379,91.92775317807815,92.62896208139271,93.366608053079,94.10524798497443,94.82868217512605,95.44816624518677,96.02663639631157,96.61974947315964,97.16449506991795,68.18004835654565
all_joint_err,8.59382599048784,12.849361553523266,18.617304177554868,24.792923008556915,31.19712995098927,37.51236543143127,43.734784560840446,49.762438734221504,55.4986553086352,60.981250994836934,66.37880025872197,71.69430386945844,76.81545775053694,81.74026772309684,86.62068591149016,91.57132660431479,96.5665189659427,101.54769575862134,106.46649131367695,111.37002481006414,116.22738584597555,121.02558424073935,125.79784444392479,130.52285607870797,135.2421680929233,140.0478937817533,144.94453425140046,149.83527422349806,154.66467160581547,159.4737295574773,164.2748716391613,169.0622699005302,173.8540256680951,178.6859149973437,183.52199783623718,188.33351228541832,193.1207467857202,197.9317463670634,202.75333088557602,207.53074083587643,212.2953835817623,217.0510249303804,221.75536243010936,226.4726524602278,231.19296826158427,235.92561024189212,240.61955233291187,245.31831049009799,250.04195485899757,254.66250348029538,136.12996070136998
err,0,12,25,49,mean
path_err,4.7122769084921945,53.81393802598914,112.9362840834332,223.3353182277207,110.95206594046802
joint_err,6.689038064827257,53.04891135967569,75.81610486076661,97.16449506991795,68.18004835654565
all_joint_err,8.59382599048784,76.81545775053694,140.0478937817533,254.66250348029538,136.12996070136998
modal,15/07/2026 17:44:34,====> Epoch: 24 elapse: 453.29 train_losses=0.22713 train_loss_joints=0.08266 train_loss_root=0.14447 lr: 0.00033
modal,15/07/2026 17:52:01,====> Epoch: 25 elapse: 447.88 train_losses=0.22692 train_loss_joints=0.08266 train_loss_root=0.14426 lr: 0.00032
modal,15/07/2026 17:59:33,====> Epoch: 26 elapse: 451.38 train_losses=0.22703 train_loss_joints=0.08250 train_loss_root=0.14452 lr: 0.00031
modal,15/07/2026 18:07:11,====> Epoch: 27 elapse: 457.80 train_losses=0.22584 train_loss_joints=0.08243 train_loss_root=0.14341 lr: 0.00031
"
",result_dir='./results/hik-releaseV0.1-gated' epoch=27,15/07/2026 18:11:58
err,0,1,2,3,4,5,6,7,8,9,10,11,12,13,14,15,16,17,18,19,20,21,22,23,24,25,26,27,28,29,30,31,32,33,34,35,36,37,38,39,40,41,42,43,44,45,46,47,48,49,mean
path_err,4.333683749941902,6.3993791773487345,9.16284555845249,12.545751153861222,16.15681338026755,20.146218169117713,24.64934240909464,29.340025982293763,33.99428525760423,38.616166202570234,43.30637672447068,48.02910825742847,52.752802177613816,57.51877454815801,62.231142920140634,66.84011218214883,71.35832547018401,75.8871419001198,80.4102243967394,84.95741884245768,89.51414416235208,94.06541115135212,98.61159660210818,103.12186938943589,107.5951307989366,112.08175843907895,116.56129337556274,121.02536475145786,125.48838439202927,129.97161745209948,134.47264935937338,138.9283095154605,143.3529192382234,147.79147443719194,152.2501440617727,156.71520567541697,161.22891222374577,165.82233479928325,170.4737185127665,175.0920784725206,179.74675774954676,184.45187010965782,189.10539527012574,193.71058658849975,198.2857697623386,202.8248167077815,207.35212440929809,211.8619942607135,216.33085489381756,220.741051043299,109.7442295213052
joint_err,6.868230783795354,10.768708716209057,15.665426270665776,20.787766171867517,25.872116953999488,30.598866058290774,35.071734698451664,39.14636631193829,42.64040155679581,45.621628358070296,48.31588150537987,50.84083330629445,53.17990224858835,55.407053738483775,57.554299142871145,59.55222696903682,61.4663629732203,63.34626392976905,65.13280226655,66.829578639381,68.43169393772739,69.96822464956989,71.46004809197132,72.86597950682055,74.18286366097526,75.47671192414383,76.7814309432901,78.0715487536245,79.29282549974168,80.48709685852093,81.58682591283672,82.58252161249457,83.50162338728674,84.47044108743962,85.42250470176074,86.38161434407763,87.34302723811692,88.31091662377794,89.23038542768799,90.03458713583083,90.78140398992664,91.4996216641681,92.20800131147274,92.94624459759802,93.67529222114237,94.3928687899621,94.99103882413851,95.54103043571719,96.1009497936691,96.61946618580525,67.98610479421909
all_joint_err,8.457540531747883,12.83150254353222,18.543657358657118,24.79284790724792,31.054905588151183,37.20870326715949,43.48495499357013,49.582202136380715,55.25689930416606,60.56116776994578,65.74201981468126,70.87543686913277,75.95442077197342,81.01852032356106,86.04559538266956,90.97350114675446,95.84360294946329,100.7093229820583,105.51875165812677,110.34201628313005,115.16259759415466,119.96989999384779,124.79129603452151,129.53423500930515,134.22761247288835,138.95168221661646,143.7260122343393,148.51831170748548,153.28986455270754,158.0902598781293,162.86413994010795,167.57006431274402,172.21604402875704,176.8948822339569,181.57908105321286,186.26751615870344,190.99105656137945,195.78610724037748,200.60453547512645,205.35480519627893,210.12423899267569,214.92717635973918,219.7013093497394,224.46495630588598,229.18813852821145,233.8733548289138,238.46021279649628,243.01212248043564,247.5145375397118,251.92163313364406,134.88750507584405
err,0,12,25,49,mean
path_err,4.333683749941902,52.752802177613816,112.08175843907895,220.741051043299,109.7442295213052
joint_err,6.868230783795354,53.17990224858835,75.47671192414383,96.61946618580525,67.98610479421909
all_joint_err,8.457540531747883,75.95442077197342,138.95168221661646,251.92163313364406,134.88750507584405
modal,15/07/2026 18:19:36,====> Epoch: 28 elapse: 453.18 train_losses=0.22521 train_loss_joints=0.08235 train_loss_root=0.14287 lr: 0.00030
modal,15/07/2026 18:27:20,====> Epoch: 29 elapse: 463.56 train_losses=0.22533 train_loss_joints=0.08223 train_loss_root=0.14310 lr: 0.00029
modal,15/07/2026 18:34:55,====> Epoch: 30 elapse: 454.95 train_losses=0.22486 train_loss_joints=0.08215 train_loss_root=0.14272 lr: 0.00029
modal,15/07/2026 18:42:33,====> Epoch: 31 elapse: 457.67 train_losses=0.22360 train_loss_joints=0.08206 train_loss_root=0.14154 lr: 0.00028
"
",result_dir='./results/hik-releaseV0.1-gated' epoch=31,15/07/2026 18:47:28
err,0,1,2,3,4,5,6,7,8,9,10,11,12,13,14,15,16,17,18,19,20,21,22,23,24,25,26,27,28,29,30,31,32,33,34,35,36,37,38,39,40,41,42,43,44,45,46,47,48,49,mean
path_err,4.213643417808445,6.367922578697019,9.145696000308545,12.592146367563736,16.365019275395454,20.38706236109511,24.767007552514123,29.36676540394319,34.02357748523524,38.67900762364524,43.452934972639596,48.28937964641546,53.08490999743779,57.85184421631327,62.54937964503009,67.16080732013005,71.69088168340583,76.2618526900146,80.83940445335236,85.40016642331969,89.86987839026249,94.34190060099358,98.83661056213367,103.35675462946814,107.88031980053412,112.47404405835587,117.12578743755084,121.78454396754046,126.43523212443584,131.0492146524175,135.63004446290506,140.1705054631079,144.72427808881585,149.2856388268835,153.8714669229339,158.47379866749154,163.0764686034237,167.6893729856358,172.32049710662545,176.90345291271885,181.52940999662744,186.265238085664,191.00431109105105,195.76385446530202,200.54798360074514,205.27203125425464,209.9006628305458,214.43389806499636,218.94792916473693,223.52218495696317,110.69953445778772
joint_err,7.143003477471122,10.995504449582574,15.795327077709311,20.83943641587895,25.92061461150293,30.633774221332907,35.064658797941135,39.101994057100896,42.52938086855033,45.407180469316145,48.02816876197111,50.523296390292025,52.83978002228249,55.048702209123704,57.206429372422875,59.23255289004867,61.15322384930657,63.01191025746845,64.78936009051282,66.50174694788744,68.11159074786514,69.61379272110682,71.05903425960804,72.45944777967502,73.84474386905866,75.22330016391362,76.56414962398156,77.80665683630407,78.93343456174406,80.05594201878453,81.15871367239333,82.24593772476629,83.28005788790348,84.34680879994595,85.34051654295725,86.28414591437252,87.17569133246711,88.04769158055402,88.91065951955842,89.73317139236747,90.57016046444636,91.3763518410239,92.12024202645323,92.82194316396233,93.49022507033546,94.1594905122184,94.75502674747358,95.34489853986037,95.97626160459485,96.5710276619784,67.78294319638754
all_joint_err,8.570442211390665,13.163530906723762,18.61530057027372,24.677383509781418,31.031599646733355,37.279037551810326,43.54853646187521,49.62215127326891,55.233142981321286,60.42703085441282,65.57638638651021,70.77414176870201,75.9314048835489,81.01736518355276,86.0330132959172,90.96071042110268,95.79984887431338,100.65868281789182,105.51716472182008,110.40314559678578,115.20923683842959,119.96024283680251,124.72717321094744,129.490356000791,134.28622857358857,139.1755745704731,144.12831610739187,149.0704340243517,153.94628417471986,158.81616767462472,163.65394315500785,168.4726901355802,173.28603083629807,178.14281480034475,183.014673477356,187.8759837444023,192.67670252532912,197.4254715788638,202.14864456296746,206.82246493742542,211.56415494084993,216.3962781329663,221.24193724012179,226.13848291836763,231.04288811343832,235.89171962596023,240.57609660704074,245.15867120968574,249.7246931287913,254.31361467963998,135.58435980560586
err,0,12,25,49,mean
path_err,4.213643417808445,53.08490999743779,112.47404405835587,223.52218495696317,110.69953445778772
joint_err,7.143003477471122,52.83978002228249,75.22330016391362,96.5710276619784,67.78294319638754
all_joint_err,8.570442211390665,75.9314048835489,139.1755745704731,254.31361467963998,135.58435980560586
modal,15/07/2026 18:55:06,====> Epoch: 32 elapse: 453.00 train_losses=0.22372 train_loss_joints=0.08192 train_loss_root=0.14180 lr: 0.00027
modal,15/07/2026 19:02:37,====> Epoch: 33 elapse: 451.67 train_losses=0.22295 train_loss_joints=0.08187 train_loss_root=0.14108 lr: 0.00026
modal,15/07/2026 19:10:17,====> Epoch: 34 elapse: 459.34 train_losses=0.22230 train_loss_joints=0.08168 train_loss_root=0.14062 lr: 0.00026
modal,15/07/2026 19:17:51,====> Epoch: 35 elapse: 453.59 train_losses=0.22176 train_loss_joints=0.08159 train_loss_root=0.14017 lr: 0.00025
"
",result_dir='./results/hik-releaseV0.1-gated' epoch=35,15/07/2026 19:22:38
err,0,1,2,3,4,5,6,7,8,9,10,11,12,13,14,15,16,17,18,19,20,21,22,23,24,25,26,27,28,29,30,31,32,33,34,35,36,37,38,39,40,41,42,43,44,45,46,47,48,49,mean
path_err,4.40922151679843,6.081030344486671,8.834845753398787,12.31973547850168,16.057599793857506,20.026164366841734,24.384105138513494,29.018954128647373,33.69133567496684,38.282583491578684,42.93836588248024,47.68201788495946,52.44436645884587,57.25656971709016,62.06204027249954,66.810429331706,71.4335927048854,75.98572146148055,80.47600684874581,84.9600238625066,89.44051283559001,93.96474888722886,98.51259371281903,103.06978785435564,107.59993533091131,112.18002113848902,116.78427509434805,121.38312718115068,125.99503984025249,130.60845354736946,135.2013248093783,139.7247414986715,144.19859138742947,148.67445871363003,153.17864699523838,157.72507321488584,162.33263217176534,167.02613227727147,171.76816747319353,176.43543003250664,181.0986377551298,185.79776478907817,190.4671646110049,195.15175473235368,199.87993196157893,204.6049691735566,209.28241499758948,213.87076921293465,218.38784370899128,222.85422300100507,110.24707756104999
joint_err,6.917379318177926,10.49277699477331,15.312688136205832,20.515020764076933,25.65107628977094,30.287559944759874,34.63672321358272,38.64650297646754,42.08447266233636,44.97843506198182,47.63061519162558,50.15352172269011,52.475734048475886,54.65311330514301,56.75853151913527,58.75937844677693,60.70362824180753,62.61379477681043,64.43496275556755,66.15440236582,67.74732062490928,69.25952050972448,70.73870511823758,72.15903115442795,73.51078407106166,74.84231998159284,76.15888752739511,77.40874611811515,78.55986961929328,79.69981478152168,80.79843231472739,81.85657187266075,82.86430823587389,83.92214414613657,84.92607059422244,85.8782179321929,86.77777151191258,87.66104209171279,88.53649017097486,89.34691196479908,90.12873933373605,90.86454174580535,91.56348533750649,92.26501295041611,92.96964444282334,93.67627557551059,94.28759794832273,94.84702103262234,95.42125235247296,95.96135962826378,67.36996416849915
all_joint_err,8.382711781998605,12.411705638985199,18.09368234554009,24.489982582627594,30.901984956249642,36.977176541906054,43.05797407301413,49.066245945332135,54.69181485640534,59.885793091985995,64.99889261580188,70.14510684001773,75.26407727643071,80.34960491065648,85.40397306431247,90.39950993915691,95.31610951454802,100.20009008806684,105.01588672476507,109.8354396586758,114.61269864556348,119.40424247745177,124.24752536904683,129.065937590878,133.86338093309413,138.7037650156014,143.57668141466635,148.43018365438868,153.25984380977383,158.12479140928426,162.9805378757373,167.7947894379535,172.54753727587573,177.31848070639967,182.08190114497052,186.85340195726684,191.6252699254802,196.43530514515237,201.2690121307686,206.03724207817973,210.81744523201286,215.625973552796,220.41954957611057,225.2425209147429,230.0782611424067,234.9054845265932,239.62821275371672,244.25521501562295,248.81376295969346,253.28867505375982,134.92390782342932
err,0,12,25,49,mean
path_err,4.40922151679843,52.44436645884587,112.18002113848902,222.85422300100507,110.24707756104999
joint_err,6.917379318177926,52.475734048475886,74.84231998159284,95.96135962826378,67.36996416849915
all_joint_err,8.382711781998605,75.26407727643071,138.7037650156014,253.28867505375982,134.92390782342932
modal,15/07/2026 19:30:21,====> Epoch: 36 elapse: 458.50 train_losses=0.22176 train_loss_joints=0.08160 train_loss_root=0.14017 lr: 0.00024
modal,15/07/2026 19:37:52,====> Epoch: 37 elapse: 450.33 train_losses=0.22114 train_loss_joints=0.08142 train_loss_root=0.13972 lr: 0.00024
modal,15/07/2026 19:45:29,====> Epoch: 38 elapse: 457.52 train_losses=0.22034 train_loss_joints=0.08139 train_loss_root=0.13895 lr: 0.00023
modal,15/07/2026 19:53:03,====> Epoch: 39 elapse: 453.23 train_losses=0.22002 train_loss_joints=0.08127 train_loss_root=0.13875 lr: 0.00022
"
",result_dir='./results/hik-releaseV0.1-gated' epoch=39,15/07/2026 19:57:52
err,0,1,2,3,4,5,6,7,8,9,10,11,12,13,14,15,16,17,18,19,20,21,22,23,24,25,26,27,28,29,30,31,32,33,34,35,36,37,38,39,40,41,42,43,44,45,46,47,48,49,mean
path_err,4.020314154470878,5.717952161871124,8.40165105202136,11.895100721547966,15.789599714172663,19.910435484519322,24.31116205474704,28.916213060834636,33.57308688877093,38.241043906500956,42.98495519054351,47.781938288172334,52.54986385428929,57.29030410744575,61.962068746597495,66.61771594019868,71.27205401437114,75.96826506247909,80.66634104038476,85.34209501995103,89.94882947912043,94.52143976743089,99.12679170406511,103.80135360885004,108.53564006509507,113.3492551138292,118.15374888125352,122.87478055875727,127.49007717850469,132.04120276384015,136.57896498962842,141.12554154775006,145.71257234253684,150.3363033591605,154.96164856484515,159.57765317655156,164.15986285132126,168.76429750498733,173.4523365443609,178.16449486001105,182.9665048726332,187.84135960460233,192.66068073160253,197.39040474709796,202.05516334979154,206.63557479563065,211.18675360942643,215.73536200574821,220.3237581372605,224.97785046114745,111.1532473528146
joint_err,6.468318467864945,10.28109046372576,15.033040243819245,20.136217334371555,25.270273046568885,29.945459337405495,34.315173696319555,38.33284346442548,41.83974006657469,44.90973601731064,47.74286498452479,50.3543969337166,52.68091546639612,54.82684410265053,56.92245147453219,58.947592778981885,60.94917338899051,62.942035834743265,64.81406278313882,66.50508641109806,68.01762640286029,69.44185350916158,70.86290532541645,72.29827709644331,73.73365117249709,75.17443577617593,76.55848462863129,77.80854336270951,78.92267100083902,80.02326833931912,81.09787946558166,82.15996196903622,83.2132722102949,84.35357298066307,85.41990382532602,86.39140231253221,87.28118745991931,88.16581289740323,89.05149322207477,89.89941241476352,90.7419528158362,91.52299864932299,92.21039054205744,92.84600721922097,93.4690606121306,94.13666632595331,94.76839332228427,95.42839299978556,96.14409017917903,96.78782588568633,67.62297420440528
all_joint_err,7.872626009370179,12.040485756871114,17.57609995461003,23.84519989802797,30.3531957399952,36.589633895894025,42.75595299959581,48.78021462621922,54.47270985777084,59.88839505979888,65.22485068133855,70.47097415950157,75.54450164702033,80.49425350969422,85.42567951631047,90.38364114668607,95.40477682619975,100.48317321436218,105.51726117972417,110.47079312803173,115.2997241612898,120.08611251293136,124.94691100966114,129.87534963800232,134.8865066522379,140.00808257966796,145.1219329535463,150.11195486357394,154.93775375018708,159.7558862893818,164.58042307186952,169.4395792482472,174.34513228331957,179.3301485896636,184.26514822124184,189.1161917988027,193.8665105006449,198.61078740542936,203.42938843115434,208.27842394535057,213.2259388496006,218.19379095646445,223.0664086983099,227.83208413247985,232.5340120141366,237.21869445430383,241.8707877447351,246.57696203844216,251.34720102738254,256.1012284948804,136.0370695024792
err,0,12,25,49,mean
path_err,4.020314154470878,52.54986385428929,113.3492551138292,224.97785046114745,111.1532473528146
joint_err,6.468318467864945,52.68091546639612,75.17443577617593,96.78782588568633,67.62297420440528
all_joint_err,7.872626009370179,75.54450164702033,140.00808257966796,256.1012284948804,136.0370695024792
modal,15/07/2026 20:05:28,====> Epoch: 40 elapse: 451.44 train_losses=0.22037 train_loss_joints=0.08128 train_loss_root=0.13909 lr: 0.00021
modal,15/07/2026 20:13:00,====> Epoch: 41 elapse: 452.03 train_losses=0.21939 train_loss_joints=0.08114 train_loss_root=0.13825 lr: 0.00021
modal,15/07/2026 20:20:31,====> Epoch: 42 elapse: 450.29 train_losses=0.21888 train_loss_joints=0.08109 train_loss_root=0.13779 lr: 0.00020
modal,15/07/2026 20:27:56,====> Epoch: 43 elapse: 444.87 train_losses=0.21853 train_loss_joints=0.08098 train_loss_root=0.13755 lr: 0.00019
"
",result_dir='./results/hik-releaseV0.1-gated' epoch=43,15/07/2026 20:32:42
err,0,1,2,3,4,5,6,7,8,9,10,11,12,13,14,15,16,17,18,19,20,21,22,23,24,25,26,27,28,29,30,31,32,33,34,35,36,37,38,39,40,41,42,43,44,45,46,47,48,49,mean
path_err,3.970843860521503,5.774104123989729,8.648131830118796,11.984284159405727,15.716264093154072,19.728177262600603,24.03547536129467,28.567068832403546,33.17589657526939,37.76027095334143,42.430923989869385,47.15158768273327,51.85897983672898,56.55525415307065,61.19587877078941,65.80121808638238,70.35835877756021,74.91223952216302,79.44101646775769,83.96028268212262,88.44031887365283,92.88975891688732,97.31389572420774,101.74613017257704,106.2134543807107,110.75733531628168,115.33036129287339,119.89451559675697,124.4554533510653,129.00910455755616,133.54727129066015,138.0368451401195,142.5196573901296,147.0135636214445,151.53841456278644,156.0765773017181,160.63314885503343,165.22791145275727,169.85732146697717,174.46059762951523,179.09753680355985,183.77425335149528,188.3920996932885,192.98742977142913,197.5895886706683,202.17309118023653,206.72831302934677,211.24651304875948,215.73741102522945,220.2144399491365,108.91857140876274
joint_err,6.531012110223054,10.473856213081573,15.260377931361177,20.25663573846794,25.21249861580281,29.744516986243504,34.041219296253956,38.03942759083028,41.49036014574564,44.413846512004575,47.0798227303732,49.59210013930259,51.89868246253691,54.08072680837205,56.216780107047775,58.25552486065509,60.22017854558101,62.143860064710715,63.983332561044556,65.72453557874381,67.33683911867551,68.84449670568749,70.30576160931874,71.73454333558088,73.13287635828438,74.51377283057766,75.85272471460233,77.10971029455801,78.27818122900578,79.45829012205202,80.60453075204028,81.70271383522311,82.74732728693519,83.83328634597414,84.85092817514324,85.7912436877136,86.67661154311834,87.57087280822368,88.47449495516692,89.31962541852057,90.14249151373612,90.90928242681527,91.60746006124415,92.27734153855084,92.92284337569653,93.59245617471917,94.21223154765026,94.82499072660775,95.45396011373117,96.03137226203278,67.09545111731136
all_joint_err,7.887864506044498,12.315896461843593,17.898261369343423,23.94829262735778,30.23476509442175,36.320565052442575,42.39088907790318,48.37554537440266,54.01695854231645,59.2679554677774,64.42751970593282,69.56176075542649,74.60784007307063,79.58437209614068,84.52187763161074,89.42426001839029,94.30819748926446,99.19464083685916,104.0445067313391,108.89704463656162,113.6895858703495,118.4188576296024,123.14594744766507,127.85058429295161,132.58621893181225,137.41717833440873,142.2811292475289,147.12027865074955,151.9185631058894,156.743962022784,161.5699746564898,166.36537480292722,171.1378247881711,175.94402324753028,180.73485392492387,185.47927847822973,190.18414712136973,194.90411406211118,199.64970792069875,204.3733815258532,209.14271592985187,213.92924514626174,218.6495886622836,223.33440179611807,227.99401443755622,232.6521550679783,237.25087744833542,241.83091755388645,246.39742214290987,250.9134923446289,133.69677660280612
err,0,12,25,49,mean
path_err,3.970843860521503,51.85897983672898,110.75733531628168,220.2144399491365,108.91857140876274
joint_err,6.531012110223054,51.89868246253691,74.51377283057766,96.03137226203278,67.09545111731136
all_joint_err,7.887864506044498,74.60784007307063,137.41717833440873,250.9134923446289,133.69677660280612
modal,15/07/2026 20:40:23,====> Epoch: 44 elapse: 456.19 train_losses=0.21765 train_loss_joints=0.08088 train_loss_root=0.13678 lr: 0.00019
modal,15/07/2026 20:48:00,====> Epoch: 45 elapse: 456.91 train_losses=0.21761 train_loss_joints=0.08081 train_loss_root=0.13680 lr: 0.00018
modal,15/07/2026 20:55:46,====> Epoch: 46 elapse: 466.40 train_losses=0.21721 train_loss_joints=0.08071 train_loss_root=0.13650 lr: 0.00017
modal,15/07/2026 21:03:25,====> Epoch: 47 elapse: 458.13 train_losses=0.21661 train_loss_joints=0.08071 train_loss_root=0.13590 lr: 0.00016
"
",result_dir='./results/hik-releaseV0.1-gated' epoch=47,15/07/2026 21:08:18
err,0,1,2,3,4,5,6,7,8,9,10,11,12,13,14,15,16,17,18,19,20,21,22,23,24,25,26,27,28,29,30,31,32,33,34,35,36,37,38,39,40,41,42,43,44,45,46,47,48,49,mean
path_err,4.072386346323804,6.10342503749904,8.957879035609812,12.40315260454761,16.109660279151246,19.989243430753298,24.140748600796027,28.584668584606092,33.19266193490173,37.85644631049966,42.605498420433186,47.36205683691381,52.05527746809632,56.70875853869785,61.34893017560764,66.00618375559525,70.60165057753271,75.16332053790391,79.68645320621926,84.19597432381873,88.66458259044022,93.1312741479365,97.62388037577387,102.14869591298934,106.68108698228014,111.26790940082284,115.88645415218419,120.48457144712754,125.07036970009867,129.65991431466534,134.2832768802095,138.8820365032804,143.47561239707144,148.05509226786984,152.63749804653997,157.22409907381433,161.8404821718451,166.5208189343631,171.26713613666058,175.99303272063565,180.7405075083531,185.5243711988898,190.25305605028885,194.9516865841579,199.6373141306437,204.28640905656164,208.89258727062222,213.43461004656294,217.90532549723468,222.30214898554755,109.71740432981956
joint_err,6.604881687442178,10.634202361242728,15.59802129482031,20.5724632562502,25.44538862182456,29.96320722041893,34.25315121643595,38.233898266472906,41.67883342440196,44.591193040839954,47.22275702791398,49.69374833906191,51.96986210108926,54.127774354879335,56.24493241509376,58.26742734033781,60.196841986703575,62.06203969737495,63.82978990472499,65.54347185663966,67.1814529525529,68.74291799184743,70.24973893107624,71.68057759723625,73.05866494364986,74.4152005511094,75.7538620832571,77.03465823796795,78.23180223087321,79.42421024031523,80.56117401099861,81.63172525577751,82.62763925823936,83.66340431393941,84.65600875966945,85.61887565019228,86.53655774577776,87.44831982580584,88.34355325978535,89.16706417382551,89.95235910931541,90.68208691052546,91.37288131280576,92.05664037444494,92.72702722776953,93.41551889458103,94.03710076555693,94.64392319147284,95.2588986741828,95.82490885516754,67.05465277487376
all_joint_err,8.033253005134753,12.889636418111525,18.56885006649301,24.54512840191511,30.69283701949271,36.67806547439093,42.61839767028415,48.480922808818875,54.06715297586667,59.33806897024854,64.53754642944064,69.69213366164315,74.72906906886261,79.68052670579246,84.62026973858265,89.56531223202346,94.45819058075554,99.33567288943182,104.16802276215135,109.0145878218677,113.81914424164428,118.58092514038665,123.36388219002441,128.12492690211715,132.91351067188427,137.79138407434053,142.7081266338567,147.58986735521452,152.42235613637303,157.2818822310772,162.16468628082137,167.03214328025652,171.88975590374164,176.7818756495506,181.65290069478638,186.47369722920772,191.24536323358976,196.04154358408658,200.87131184478096,205.66699563179893,210.49000506451057,215.33092195693166,220.13758930133264,224.93644971431632,229.7127385611158,234.4715937965276,239.15378751408417,243.79087717151629,248.35881969882007,252.80789860909587,134.38641209998195
err,0,12,25,49,mean
path_err,4.072386346323804,52.05527746809632,111.26790940082284,222.30214898554755,109.71740432981956
joint_err,6.604881687442178,51.96986210108926,74.4152005511094,95.82490885516754,67.05465277487376
all_joint_err,8.033253005134753,74.72906906886261,137.79138407434053,252.80789860909587,134.38641209998195
modal,15/07/2026 21:16:17,====> Epoch: 48 elapse: 474.40 train_losses=0.21621 train_loss_joints=0.08061 train_loss_root=0.13560 lr: 0.00016
modal,15/07/2026 21:24:32,====> Epoch: 49 elapse: 494.36 train_losses=0.21593 train_loss_joints=0.08050 train_loss_root=0.13543 lr: 0.00015
"
",result_dir='./results/hik-releaseV0.1-gated' epoch=49,15/07/2026 21:29:58
err,0,1,2,3,4,5,6,7,8,9,10,11,12,13,14,15,16,17,18,19,20,21,22,23,24,25,26,27,28,29,30,31,32,33,34,35,36,37,38,39,40,41,42,43,44,45,46,47,48,49,mean
path_err,3.790386186995019,5.677633289779289,8.27902183502736,11.635057294174922,15.469033623734354,19.62790635264838,24.01968007382244,28.580147903789015,33.22598625689432,37.86956171436235,42.56918947578219,47.28891495476557,51.987319817895894,56.672951431010674,61.30238516572362,65.9302489959692,70.52107068601485,75.1238167602917,79.68151359242195,84.20484999069923,88.67869204961136,93.14975416455619,97.64366396436067,102.15972776272397,106.70455479183525,111.30183392646302,115.92999993260374,120.53350967724008,125.10694782343738,129.6533269100395,134.1999699924152,138.73340459131504,143.27287748218254,147.84255681329904,152.45233297058195,157.06435439615984,161.69399926952633,166.36015953689412,171.08030589839424,175.77990210721094,180.515384777323,185.28580109483656,189.99226249798582,194.65320197450157,199.29477559308336,203.90484490993808,208.50015216423665,213.0481070016514,217.5726414433259,222.097656046107,109.55326753931284
joint_err,6.285127085350401,10.357308434853165,15.02184297217549,19.960065017788448,25.023677638102004,29.69482789248287,34.022624109802486,37.99868197430957,41.4801692368502,44.47435186981992,47.191770827402514,49.729672314783414,52.04180078183313,54.20928523725623,56.32823157719866,58.39665339377455,60.43940962782893,62.43536388904848,64.32269955366112,66.0959654730371,67.73146463914983,69.2426265508747,70.67934857406001,72.08665820933135,73.46405625759948,74.83113838209422,76.17159779447496,77.43284006173842,78.58492420212764,79.71845906187636,80.81511474094063,81.90587317394714,82.97402532498103,84.09833231517165,85.16238854659979,86.14726272909643,87.04979859701209,87.93222843522885,88.80150873344768,89.61887665567309,90.42669741003515,91.197928918964,91.92761043849424,92.63637577250199,93.3116746155293,93.98969443187472,94.59856071473617,95.19838976146349,95.80938933993741,96.36529625739176,67.30839339107425
all_joint_err,7.499785099533477,12.125338210494046,17.52010713416453,23.545947404205574,29.964610175727042,36.24763814462135,42.39496881703515,48.37754494675458,54.055953379949706,59.40694204218716,64.65206849884795,69.82394468275325,74.87272136190745,79.8362630548638,84.76598475447108,89.71772126342873,94.69212083319476,99.69382548002537,104.6178520332624,109.49002519926933,114.25640552787682,118.95975556132315,123.68847468471368,128.44005263770103,133.24880670620811,138.1465132213657,143.07089878820463,147.95253628601947,152.75329787976438,157.55914327602332,162.3815206875647,167.22696046846613,172.09467908166278,177.0236954611497,181.94799186103413,186.80848497113382,191.5935296596428,196.3733866518708,201.194222023052,205.99215769003342,210.83926391934864,215.70686340476945,220.51283366193599,225.2785838894742,229.99013471958432,234.67442109363452,239.3035501391126,243.9108787201002,248.5054947833235,253.0478096501006,134.51567419245782
err,0,12,25,49,mean
path_err,3.790386186995019,51.987319817895894,111.30183392646302,222.097656046107,109.55326753931284
joint_err,6.285127085350401,52.04180078183313,74.83113838209422,96.36529625739176,67.30839339107425
all_joint_err,7.499785099533477,74.87272136190745,138.1465132213657,253.0478096501006,134.51567419245782
modal,15/07/2026 21:38:33,====> Epoch: 50 elapse: 510.45 train_losses=0.21532 train_loss_joints=0.08047 train_loss_root=0.13485 lr: 0.00014
modal,15/07/2026 21:47:35,====> Epoch: 51 elapse: 542.62 train_losses=0.21527 train_loss_joints=0.08041 train_loss_root=0.13487 lr: 0.00014
"
",result_dir='./results/hik-releaseV0.1-gated' epoch=51,15/07/2026 21:52:58
err,0,1,2,3,4,5,6,7,8,9,10,11,12,13,14,15,16,17,18,19,20,21,22,23,24,25,26,27,28,29,30,31,32,33,34,35,36,37,38,39,40,41,42,43,44,45,46,47,48,49,mean
path_err,3.6638468546973155,5.928637118818477,8.77538319043685,12.269268507219126,15.992192935570452,19.929888404768807,24.177768736819587,28.691466696772093,33.328890334036444,37.978952279878484,42.70954548524625,47.466168286245725,52.218356469068425,56.994001420865466,61.72344415514977,66.3827698818729,70.95044237233063,75.5116583374999,80.0586244270552,84.59631415997355,89.08996713268343,93.55598313615344,98.02689032521296,102.49776648471573,106.99084620764872,111.53482629107661,116.11382166242694,120.71221264421968,125.32620037096537,129.9463385072745,134.55224455607515,139.1000102454271,143.61053708838287,148.08869793900166,152.56779732955587,157.0790932816478,161.64955726385008,166.30568527519623,171.03525800122404,175.74088417855174,180.4689763799081,185.22156674237695,189.9120774408221,194.5769734665935,199.2430265977596,203.8702696693141,208.46031853682072,212.98402839474286,217.4474399351744,221.8851836650427,109.73884197608342
joint_err,6.0589655836408145,10.129445039280423,14.677610243232648,19.742400268121905,24.87160115551032,29.501114950283668,33.8240101075321,37.83236549284987,41.27850334272253,44.193340170222235,46.874780306934205,49.40872333854405,51.72066589090857,53.903074494395064,56.05798015078591,58.13090699528003,60.15146658551347,62.138961198717205,64.04279148645666,65.80827605613838,67.40860837314868,68.90306155237089,70.35080033619522,71.77023073583909,73.14342503090467,74.51726357419881,75.871238102034,77.13961300562262,78.31100237585096,79.47856971257872,80.61719763117745,81.72264886724788,82.794668074528,83.90322309046816,84.92277098216468,85.85403978489504,86.72616739364366,87.6261199468031,88.54794728685306,89.44059115669101,90.33602764135145,91.17999532052113,91.9246685629901,92.58931104471357,93.20592873003359,93.8362792856587,94.4098490582576,94.97642748951097,95.57195430540274,96.1261934249384,67.07105609467328
all_joint_err,7.310383855082891,12.074978730903537,17.49703176336581,23.71276919375508,30.128323602524233,36.24973455301046,42.29455915487858,48.23292895320556,53.83507026363118,59.09025533694552,64.31030604437552,69.49677964670465,74.5939260611616,79.63267066996431,84.62715747598783,89.5575675861467,94.45967511771353,99.39997207247147,104.33103675593034,109.22574251550542,114.01658914241725,118.7375337134522,123.48431213850164,128.22569895616655,133.00414974612318,137.87293512033955,142.79077174797226,147.7139877740454,152.61054837835937,157.53069119220845,162.42343991600876,167.25108754288877,172.03016777274783,176.814857976195,181.5659471729066,186.27923186327834,190.98791692452923,195.7645514800798,200.61852795757832,205.46615114691699,210.36015827049692,215.26856376052066,220.09502631374232,224.87109797175867,229.60843365707942,234.32646370499245,238.97298408340782,243.56595614166213,248.1077114801388,252.5873404472292,134.26027405694018
err,0,12,25,49,mean
path_err,3.6638468546973155,52.218356469068425,111.53482629107661,221.8851836650427,109.73884197608342
joint_err,6.0589655836408145,51.72066589090857,74.51726357419881,96.1261934249384,67.07105609467328
all_joint_err,7.310383855082891,74.5939260611616,137.87293512033955,252.5873404472292,134.26027405694018
modal,15/07/2026 22:01:39,====> Epoch: 52 elapse: 516.43 train_losses=0.21452 train_loss_joints=0.08023 train_loss_root=0.13428 lr: 0.00013
modal,15/07/2026 22:10:06,====> Epoch: 53 elapse: 506.55 train_losses=0.21424 train_loss_joints=0.08016 train_loss_root=0.13407 lr: 0.00012
"
",result_dir='./results/hik-releaseV0.1-gated' epoch=53,15/07/2026 22:15:31
err,0,1,2,3,4,5,6,7,8,9,10,11,12,13,14,15,16,17,18,19,20,21,22,23,24,25,26,27,28,29,30,31,32,33,34,35,36,37,38,39,40,41,42,43,44,45,46,47,48,49,mean
path_err,3.694907577996775,5.47554757054898,8.20615079580533,11.552148954703659,15.317557148930875,19.38815050810924,23.7281112468201,28.268296060419395,32.90101206061725,37.52226462535919,42.19984343902914,46.90056410246645,51.59392795325811,56.27272172442252,60.909980681326196,65.54140998063308,70.12875495647482,74.68720273829543,79.20210709453734,83.69805405357656,88.16460797515363,92.63811479982789,97.13299916410425,101.66275505779761,106.18199069093126,110.725800338224,115.2590418582882,119.75448603616299,124.23903428390565,128.7229542782234,133.22961118478142,137.7166428114574,142.19988462972415,146.6903946099356,151.2079489772723,155.7413228484494,160.30546144735595,164.92541236476032,169.58216462630193,174.1952241200695,178.85071484808174,183.55756028954553,188.22950381961678,192.88030203815072,197.53368686821807,202.1623074944993,206.75612481382004,211.28702527790912,215.74926378154188,220.15327085678456,108.69248650928452
joint_err,6.305271598016975,10.004713640008685,14.688328242495762,19.713534502169043,24.801189831335336,29.46163101673416,33.77730284005634,37.74458503237685,41.208797676044114,44.183613083460756,46.89005497305829,49.42456503675948,51.73906709734492,53.90929905427406,56.02090320422682,58.05811404167492,60.06125957022827,62.01738333325313,63.89078042768378,65.67564709917279,67.3478397577118,68.90392282635513,70.37276205747001,71.787299138582,73.16241893719764,74.54026856695586,75.90654680312649,77.2088596413625,78.40811815908154,79.59835329347062,80.74271510462869,81.84017558678217,82.87745345564458,83.93793545528632,84.9268988823206,85.8674311579913,86.7602615221676,87.6536711228508,88.5465409940109,89.38069973758535,90.20370108217948,90.98863555493462,91.73173258467986,92.45335794005997,93.14299838880949,93.83433936776551,94.46233804420467,95.07139385552631,95.68335909083375,96.23692705355559,67.0630999292701
all_joint_err,7.5343990710627216,11.69033745034019,17.242385286488553,23.304478792212432,29.676375708270626,35.90591851655264,42.01340924876563,47.947463262336555,53.5478164877614,58.80914171349584,63.99853260135636,69.1706290262808,74.25133310413491,79.2280190069975,84.12481793479125,89.00073367653421,93.89469094088766,98.81871897042875,103.72553657315238,108.63208646669955,113.47064926095003,118.24124438334084,123.01773549285527,127.80215749804363,132.5957701934759,137.46672306283958,142.3509183253874,147.18181046104925,151.948798411053,156.7276366266721,161.53477694085802,166.33971149373284,171.13246263441135,175.95134360542812,180.74003353323224,185.47334188821557,190.160208298359,194.87774397460655,199.63682907871373,204.3763586967989,209.18542375826868,214.0260188888587,218.8154920005016,223.57197982383488,228.2812167692105,232.9724726389288,237.6055889733927,242.2083570427888,246.75466198813243,251.1908398303484,133.56310258825678
err,0,12,25,49,mean
path_err,3.694907577996775,51.59392795325811,110.725800338224,220.15327085678456,108.69248650928452
joint_err,6.305271598016975,51.73906709734492,74.54026856695586,96.23692705355559,67.0630999292701
all_joint_err,7.5343990710627216,74.25133310413491,137.46672306283958,251.1908398303484,133.56310258825678
modal,15/07/2026 22:24:04,====> Epoch: 54 elapse: 508.13 train_losses=0.21381 train_loss_joints=0.08017 train_loss_root=0.13364 lr: 0.00011
modal,15/07/2026 22:32:28,====> Epoch: 55 elapse: 504.09 train_losses=0.21334 train_loss_joints=0.08004 train_loss_root=0.13330 lr: 0.00011
"
",result_dir='./results/hik-releaseV0.1-gated' epoch=55,15/07/2026 22:37:52
err,0,1,2,3,4,5,6,7,8,9,10,11,12,13,14,15,16,17,18,19,20,21,22,23,24,25,26,27,28,29,30,31,32,33,34,35,36,37,38,39,40,41,42,43,44,45,46,47,48,49,mean
path_err,3.3854513252633733,5.694631099374873,8.10814632563909,11.408807017229517,15.205233649513023,19.268103143153013,23.61624706363881,28.159878345322706,32.7705551997957,37.41483220058161,42.1861649202623,46.98852255267949,51.76432483048809,56.52599959836472,61.24783173155919,65.93907785133068,70.5923388077122,75.27330599735436,79.96811481019208,84.64195858814527,89.2531129205649,93.84355123346292,98.44025548803936,103.07756620615635,107.75472458110647,112.48717578307706,117.23731630498054,121.94083269887592,126.60684534489357,131.25187986401724,135.92430190680653,140.57921666791782,145.26469778858805,149.9845862859579,154.70942209564322,159.4149001897097,164.1189790645136,168.85430939453676,173.6326048012255,178.40751838473957,183.24799529326177,188.14826987105252,193.0077171510448,197.8530177880232,202.69281331428803,207.4883536552698,212.209463816902,216.83485311245306,221.36398087952062,225.7671042826197,110.83113782453697
joint_err,6.089150302181163,10.141321631563669,14.784949529526028,19.802916917851984,24.851810654107062,29.446720805252927,33.788325295334545,37.82147155527539,41.292434436284815,44.22642180322242,46.905598290295174,49.42843338363965,51.73660138424652,53.912398110876474,56.051513861965,58.10324596590663,60.08032153142185,62.016974220412095,63.86272380769008,65.62387193341581,67.26252300872247,68.80263727208688,70.2772091413555,71.68359034892147,73.04164208443471,74.39371764596483,75.7286367925752,77.00025927529583,78.1790505171438,79.35852191854332,80.48778439959283,81.57812899649097,82.6261532449773,83.72859033004362,84.77812192121586,85.75820513471538,86.6719234897235,87.5795872047342,88.47946209343094,89.31249570310378,90.12035375452209,90.87673064659222,91.57919806742845,92.26115463425225,92.93291578175467,93.62481998429982,94.24878777096906,94.85649318974751,95.48497874764682,96.06103897275868,66.97483834987027
all_joint_err,7.126131218819429,11.826970951161545,17.183002280919062,23.27487577993155,29.614811353617537,35.713343757243344,41.803681828696355,47.811312477850585,53.47654008336423,58.79114633670894,64.04328475315835,69.26133403606354,74.3800001319392,79.44045987395127,84.49031694050238,89.48858568433243,94.45818472988174,99.46229634106005,104.46923131584813,109.46824641742889,114.38669174425038,119.24225612716316,124.09977049944231,128.9595285550274,133.86677503766958,138.8701912824587,143.89974240237973,148.8794320043759,153.77690327093242,158.69106957115784,163.62515892089093,168.56193354093202,173.51997263651455,178.56940509808894,183.59785789306576,188.55175979592812,193.43094239932682,198.3050803901975,203.18832369927415,208.04381830644107,212.96977841044392,217.942614393056,222.89631200441744,227.85369356503477,232.79297974964277,237.70171921044167,242.48585998423283,247.18214640989072,251.78244899714397,256.21131176173986,135.3893846790808
err,0,12,25,49,mean
path_err,3.3854513252633733,51.76432483048809,112.48717578307706,225.7671042826197,110.83113782453697
joint_err,6.089150302181163,51.73660138424652,74.39371764596483,96.06103897275868,66.97483834987027
all_joint_err,7.126131218819429,74.3800001319392,138.8701912824587,256.21131176173986,135.3893846790808
modal,15/07/2026 22:46:31,====> Epoch: 56 elapse: 514.30 train_losses=0.21313 train_loss_joints=0.08003 train_loss_root=0.13310 lr: 0.00010
modal,15/07/2026 22:55:36,====> Epoch: 57 elapse: 545.04 train_losses=0.21227 train_loss_joints=0.07999 train_loss_root=0.13229 lr: 0.00009
"
",result_dir='./results/hik-releaseV0.1-gated' epoch=57,15/07/2026 23:00:57
err,0,1,2,3,4,5,6,7,8,9,10,11,12,13,14,15,16,17,18,19,20,21,22,23,24,25,26,27,28,29,30,31,32,33,34,35,36,37,38,39,40,41,42,43,44,45,46,47,48,49,mean
path_err,3.378624704044752,5.683270207897922,8.279834965535743,11.613633105515202,15.329011412960945,19.31746752926724,23.61635950955372,28.125549921455434,32.71762737793467,37.32580465035785,42.019389557305885,46.76697967788257,51.52515387520604,56.27725224349296,60.98640517086411,65.67737959634387,70.31338625793997,74.92923337607883,79.50974649670022,84.07322664587643,88.60900754027229,93.14941653019207,97.7066620344305,102.29594933734877,106.91149970931207,111.56000725640803,116.21852587501503,120.84724221651976,125.46961306801069,130.0902289109577,134.74535436692562,139.36340941101778,143.97954597532558,148.59934025958503,153.20851078802937,157.80334880406,162.4269704836115,167.11073088584348,171.84336639939607,176.55055234178985,181.31047799728177,186.12879687684446,190.9050438437051,195.6585787147252,200.4090213989382,205.11029268756607,209.74751155330424,214.29324183596646,218.74101345634372,223.07334009989873,109.82663873881678
joint_err,5.883435921508877,10.011821544844226,14.684801003369964,19.61418294246355,24.581405486022245,29.218143556658177,33.63445749889299,37.69367769340164,41.152703560081555,44.079559409243416,46.76226207576358,49.31237504776081,51.6720949570978,53.90800916755513,56.10139998797678,58.19025927357281,60.19031818089487,62.116124903135905,63.950552968083315,65.69989513090145,67.34022282119436,68.89537135766028,70.39899390223106,71.8577657403817,73.2682896790724,74.66596323312406,76.03659553832874,77.3354234928745,78.5258529469192,79.69526637018932,80.81887269559883,81.91039330907513,82.97715727237016,84.09336693398117,85.14812369963225,86.13163557952524,87.06473011753874,88.00131362398568,88.9166190511567,89.76044281332204,90.58198982632064,91.35441872653692,92.06046760670955,92.73024557970375,93.38297426945134,94.0689197193071,94.71367902078993,95.35757270089002,96.01485039068018,96.59818645814073,67.16326369571843
all_joint_err,6.959414420641767,11.800254034092136,17.294428178404008,23.288165319746632,29.53239240158729,35.6807038199302,41.8457947382719,47.866967325423595,53.49253685237825,58.74840254715521,63.918878515519154,69.08851033683752,74.20864867468478,79.29059563754015,84.35758315689058,89.38334109011147,94.3554029369079,99.30697711581718,104.21195287071197,109.10653838849035,113.93548869521508,118.734463761777,123.57637974977168,128.44662524305784,133.34590839662192,138.30064753597765,143.26738544989277,148.1876440856834,153.04682345724345,157.91384951174575,162.82499137212397,167.72809656824572,172.63461862032835,177.57106140706517,182.4603150670171,187.265114787139,192.03290776665895,196.84041232943915,201.6832908767459,206.50223007573126,211.37832640659627,216.28658392204375,221.13613320817123,225.96602183746143,230.78104486365464,235.59904969801858,240.34969304184332,245.04810250144186,249.66085953401625,254.0886399775286,134.606603962188
err,0,12,25,49,mean
path_err,3.378624704044752,51.52515387520604,111.56000725640803,223.07334009989873,109.82663873881678
joint_err,5.883435921508877,51.6720949570978,74.66596323312406,96.59818645814073,67.16326369571843
all_joint_err,6.959414420641767,74.20864867468478,138.30064753597765,254.0886399775286,134.606603962188
modal,15/07/2026 23:09:06,====> Epoch: 58 elapse: 484.05 train_losses=0.21195 train_loss_joints=0.07987 train_loss_root=0.13208 lr: 0.00009
modal,15/07/2026 23:16:57,====> Epoch: 59 elapse: 471.50 train_losses=0.21175 train_loss_joints=0.07983 train_loss_root=0.13191 lr: 0.00008
"
",result_dir='./results/hik-releaseV0.1-gated' epoch=59,15/07/2026 23:21:49
err,0,1,2,3,4,5,6,7,8,9,10,11,12,13,14,15,16,17,18,19,20,21,22,23,24,25,26,27,28,29,30,31,32,33,34,35,36,37,38,39,40,41,42,43,44,45,46,47,48,49,mean
path_err,3.5070580958328317,5.4150751680520655,8.184123371074381,11.707717097945858,15.458278017209993,19.40237653529892,23.68927593606889,28.213889563795536,32.817578926182065,37.43056442134016,42.1303784302929,46.85730563074491,51.550899635529994,56.22591093452012,60.857059939837605,65.4930409880109,70.10982475768395,74.73961590289562,79.36269898053054,83.9575053782942,88.49607161920568,93.02169739828703,97.55950929310308,102.13554374643815,106.75418040904933,111.42245936295922,116.10819306748198,120.75649755483991,125.36753898622634,129.96556143542585,134.5952679512802,139.21567590706545,143.84229199318625,148.497932869474,153.15968822588803,157.81733356082245,162.48137547676006,167.17167289908073,171.91376408587254,176.64188069606004,181.42342477778755,186.24622548102897,191.01629676907245,195.76229117703173,200.50949867219842,205.2390515722777,209.94162641023,214.58269486110672,219.12032162920354,223.5146529894436,109.82780797178057
joint_err,6.008183947881655,9.922597444092787,14.535381835276116,19.45623346074992,24.427896800546222,28.99845895696929,33.33405183950577,37.36907532875923,40.841118318660335,43.744909543249136,46.3724703280474,48.86132253192692,51.17233088269746,53.366207121860796,55.51283918530578,57.56211507702613,59.54192365271906,61.46861659214319,63.30243743420589,65.03728158911244,66.65576300420328,68.19627532624234,69.68764809286172,71.12645593897366,72.50990878120959,73.87949589935955,75.23712081996852,76.53140695673629,77.71935443116655,78.88252918362672,79.99518555794927,81.06834391949116,82.09646950918678,83.1724327216665,84.19193300934951,85.16263772499016,86.07678583845363,86.9804666843336,87.88389897676174,88.7349134990644,89.58052892377721,90.38279561390722,91.13423466736776,91.8462621442925,92.51057740276553,93.17054568842686,93.74610459509275,94.29468799372825,94.84694758875901,95.37469819946648,66.47023721127829
all_joint_err,7.138744487400712,11.609367555288392,17.081992460400333,23.187631125001626,29.479533529013526,35.549247555594334,41.65986506360368,47.68293378219436,53.32243922107797,58.554250583371896,63.68600622967481,68.80707656371705,73.86539776153866,78.88281774673032,83.87122597489345,88.82294928768525,93.75103885615566,98.68534582941172,103.59048957502999,108.48202234958555,113.3246444637807,118.13615879521981,122.98333146727532,127.83406442321373,132.7060200200402,137.64112599079704,142.59490392034564,147.50861808207057,152.36454235712205,157.24816721381615,162.15292745548766,167.05732204471747,171.94925296851846,176.88958286387708,181.80081918054466,186.6647716605397,191.47908966549622,196.3066259899177,201.17048446647738,206.00327632471053,210.8902844808834,215.7858683877831,220.6434660670859,225.48992688886628,230.31230064134724,235.12405087349717,239.85762895738583,244.53341475447485,249.10685610687855,253.5198568446425,134.13579517788364
err,0,12,25,49,mean
path_err,3.5070580958328317,51.550899635529994,111.42245936295922,223.5146529894436,109.82780797178057
joint_err,6.008183947881655,51.17233088269746,73.87949589935955,95.37469819946648,66.47023721127829
all_joint_err,7.138744487400712,73.86539776153866,137.64112599079704,253.5198568446425,134.13579517788364
modal,15/07/2026 23:29:33,====> Epoch: 60 elapse: 459.47 train_losses=0.21157 train_loss_joints=0.07973 train_loss_root=0.13184 lr: 0.00007
modal,15/07/2026 23:37:09,====> Epoch: 61 elapse: 456.85 train_losses=0.21093 train_loss_joints=0.07966 train_loss_root=0.13127 lr: 0.00006
"
",result_dir='./results/hik-releaseV0.1-gated' epoch=61,15/07/2026 23:41:59
err,0,1,2,3,4,5,6,7,8,9,10,11,12,13,14,15,16,17,18,19,20,21,22,23,24,25,26,27,28,29,30,31,32,33,34,35,36,37,38,39,40,41,42,43,44,45,46,47,48,49,mean
path_err,3.4075194199638443,5.409223933376869,8.077954874291752,11.47959729303634,15.236988698769586,19.28464862971008,23.58535958756576,28.05090158647941,32.583283469626615,37.178733307274435,41.90998989848123,46.699683851174825,51.44333016580768,56.14647438163508,60.779434979605,65.40115004867573,70.00736703609662,74.63956241947487,79.27226579636721,83.87542610979247,88.41730917574262,92.94674779991668,97.4970381413164,102.09503655755363,106.73360200733276,111.42231456741811,116.12497089192092,120.77313552890355,125.37075379684221,129.93546119849927,134.52411307478508,139.11211947107947,143.74442631994367,148.42520087454713,153.1026843488624,157.7612168700875,162.41218771657,167.09047856618525,171.82150484489972,176.53667084479872,181.3148922913706,186.143411372393,190.9185333593224,195.65533746649223,200.36248108515025,205.03384048789127,209.670368588237,214.24691359371133,218.72570012554428,223.10607240584426,109.70986837720734
joint_err,6.089057602965348,10.00431211700086,14.642290225318456,19.549068099159797,24.538897182817898,29.13685139371095,33.48019093506026,37.49795890455821,40.95402705037219,43.87419276950461,46.5451512061758,49.08152069296994,51.42023464300552,53.62152739003009,55.770969942445326,57.835603934112534,59.84523146099241,61.80594749426049,63.66464007935106,65.40889019771217,67.03760593228382,68.58277640576748,70.07800551863576,71.52155583760891,72.91696431553123,74.30724741441286,75.66763054652519,76.9342704531886,78.08497138270454,79.23024470294216,80.33293015579017,81.40622070541752,82.44783562958884,83.55445483049313,84.60481116844517,85.59276843538329,86.51335858733545,87.41743396868587,88.31053638943712,89.13784695693269,89.94722112734762,90.71742460333165,91.43968792132668,92.13167803027748,92.7989590658893,93.49290969759076,94.13789441168552,94.76693801252408,95.39351997142178,95.95334326092404,66.78451217521905
all_joint_err,7.0750105776806365,11.553071049811756,17.075647259080977,23.11968260433804,29.4207166962449,35.563568083226656,41.67300993920532,47.6389213040179,53.222204822480286,58.45733900107143,63.65073479846733,68.86277482640398,73.98018136772228,79.00385001368335,83.97743494889961,88.92092118236435,93.86890757103818,98.85091240727381,103.81994284932836,108.75548419393027,113.60773597693229,118.4127466726803,123.24953475018037,128.11422439498972,133.02821282321713,138.02359938675863,143.03033793159142,147.9480702397744,152.74801712198436,157.55715147011767,162.41194051262312,167.30290779026242,172.2349559639457,177.2635851183881,182.23998610362187,187.1259021208363,191.91556581156067,196.69416269222086,201.50736075298272,206.30376836373586,211.18265739093707,216.10539074709234,220.98987697739855,225.84491162980478,230.64033397514575,235.41366697136635,240.1164585180765,244.776694830057,249.34406712359163,253.7679304886038,134.34784140293493
err,0,12,25,49,mean
path_err,3.4075194199638443,51.44333016580768,111.42231456741811,223.10607240584426,109.70986837720734
joint_err,6.089057602965348,51.42023464300552,74.30724741441286,95.95334326092404,66.78451217521905
all_joint_err,7.0750105776806365,73.98018136772228,138.02359938675863,253.7679304886038,134.34784140293493
modal,15/07/2026 23:49:53,====> Epoch: 62 elapse: 469.30 train_losses=0.21069 train_loss_joints=0.07963 train_loss_root=0.13106 lr: 0.00006
modal,15/07/2026 23:57:26,====> Epoch: 63 elapse: 452.95 train_losses=0.21010 train_loss_joints=0.07952 train_loss_root=0.13058 lr: 0.00005
"
",result_dir='./results/hik-releaseV0.1-gated' epoch=63,16/07/2026 00:02:17
err,0,1,2,3,4,5,6,7,8,9,10,11,12,13,14,15,16,17,18,19,20,21,22,23,24,25,26,27,28,29,30,31,32,33,34,35,36,37,38,39,40,41,42,43,44,45,46,47,48,49,mean
path_err,3.433223721220163,5.389069046107963,8.082010787076056,11.478049910697074,15.234367970347206,19.23886164309605,23.51977228846635,28.022103719192515,32.63109022814567,37.28303063959178,42.05193424583514,46.85060413407982,51.58543900558786,56.26955385665331,60.899957378228336,65.53443551715647,70.16121014293758,74.8204462090953,79.478540100455,84.11306624643673,88.69124168937392,93.24915270333666,97.81953171201253,102.41008372749533,107.03498743674871,111.71532169045548,116.41692915072903,121.08007441572715,125.69216991916396,130.286786851867,134.90356529144833,139.51157542677785,144.1396671829751,148.80630640685786,153.46952013432517,158.1367467913724,162.81214648513262,167.5373171350728,172.32506141313357,177.10713062437088,181.9649417790539,186.8567436394621,191.6881076127739,196.47800744875028,201.25024221059743,205.97576893964558,210.63879975032125,215.21403685907265,219.6872505785176,224.0279463174006,110.06007856228756
joint_err,5.993076538291497,9.822592747200588,14.466569047263285,19.406610144034214,24.37805930879083,28.989935821085567,33.35278135377791,37.374963664914354,40.82134266860433,43.73434124846459,46.40390767078055,48.925478776126916,51.23975599922501,53.43143789805534,55.585221042569295,57.64799068862047,59.63423172493978,61.5747612880512,63.42053489470587,65.17010933540274,66.80792892999045,68.35913380995436,69.85230190723867,71.28830030141603,72.67298268304555,74.04568880148851,75.39957873619467,76.68700743601906,77.87297366057064,79.0529987801536,80.18257449126465,81.27473791289377,82.31656546107978,83.4046231089999,84.43773345298054,85.42146132612207,86.3494541467169,87.26214399781203,88.15187538237109,88.96845737646242,89.76744779463036,90.52464984104891,91.23477690706426,91.9261863484895,92.60497095374383,93.31477661115423,93.96486846785871,94.59265479199557,95.22207578325177,95.78944546820237,66.60248153062237
all_joint_err,7.033966481685638,11.55809772479246,16.97581025006615,22.99252609825482,29.327904384669843,35.51043766806724,41.62051142973843,47.582892919814874,53.18193483399758,58.43527201841059,63.65046263773596,68.85134173895953,73.92983912715178,78.91616840671215,83.87422164945396,88.8252781618875,93.78181901714973,98.7834425487701,103.7723310467248,108.73499772157771,113.61581828887294,118.43961828694374,123.29047894771294,128.14414592666697,133.03896285284438,138.02189053309542,143.03744892602342,147.99556553209828,152.8541741626927,157.71871358676987,162.60420148486045,167.50644916568623,172.41340523305192,177.39973142867646,182.35918197057978,187.26721177291697,192.11646420418393,196.98594566029882,201.8831394450894,206.75235368111018,211.695634382254,216.66024896334486,221.5792639895678,226.46940321459303,231.3288906536789,236.1754108355629,240.9306646679477,245.61500042119914,250.1944908706672,254.5873150421917,134.52040959993607
err,0,12,25,49,mean
path_err,3.433223721220163,51.58543900558786,111.71532169045548,224.0279463174006,110.06007856228756
joint_err,5.993076538291497,51.23975599922501,74.04568880148851,95.78944546820237,66.60248153062237
all_joint_err,7.033966481685638,73.92983912715178,138.02189053309542,254.5873150421917,134.52040959993607
