hik-simlpe-train,30/06/2026 04:28:09,====> Epoch: 0 elapse: 1200.91 train_losses=0.49758 train_loss_joints=0.21230 train_loss_root=0.28529 lr: 0.00050
hik-simlpe-train,30/06/2026 04:48:13,====> Epoch: 1 elapse: 1203.60 train_losses=0.27544 train_loss_joints=0.09596 train_loss_root=0.17948 lr: 0.00049
hik-simlpe-train,30/06/2026 05:08:02,====> Epoch: 2 elapse: 1189.07 train_losses=0.26152 train_loss_joints=0.09261 train_loss_root=0.16892 lr: 0.00049
hik-simlpe-train,30/06/2026 05:28:04,====> Epoch: 3 elapse: 1201.39 train_losses=0.25455 train_loss_joints=0.09052 train_loss_root=0.16403 lr: 0.00048
hik-simlpe-train,30/06/2026 05:47:51,====> Epoch: 4 elapse: 1187.35 train_losses=0.25018 train_loss_joints=0.08927 train_loss_root=0.16092 lr: 0.00047
hik-simlpe-train,30/06/2026 06:07:47,====> Epoch: 5 elapse: 1196.16 train_losses=0.24763 train_loss_joints=0.08848 train_loss_root=0.15915 lr: 0.00046
"
",result_dir='./results/hik-releaseV0.1' epoch=5,30/06/2026 06:18:51
err,0,1,2,3,4,5,6,7,8,9,10,11,12,13,14,15,16,17,18,19,20,21,22,23,24,25,26,27,28,29,30,31,32,33,34,35,36,37,38,39,40,41,42,43,44,45,46,47,48,49,mean
path_err,5.9994470201859516,9.22675242104387,12.65892022681479,16.46029764989864,20.89724096483308,25.654741567856018,30.455303176741637,35.21898988214892,39.889567446027584,44.573838058494,49.40172567988507,54.37406614963959,59.407070707068435,64.52146672474325,69.63443518808015,74.73005112353981,79.75291554153627,84.69016165505823,89.50056706929783,94.22214352564689,98.889499087588,103.58767070826055,108.39330584893128,113.29341004492936,118.22827997911921,123.15006749533245,127.9886865612222,132.72364056956314,137.40494465541738,142.06774725484334,146.756313488741,151.4813436452532,156.21600641412334,160.87136994450128,165.42773324837168,169.9354493985729,174.46886579274152,179.1224393723602,183.9234925769162,188.7800039047348,193.66999009227592,198.49867760781876,203.17028329974158,207.77855110900268,212.4666491280825,217.21467762945488,222.01855918807183,226.87169681691668,231.82121843502634,236.77996698981485,119.88540484132538
joint_err,8.048060932745054,12.616638279290859,18.085254673545908,23.891229598541386,29.575285617114382,34.83984136297028,39.669530430819705,43.883613432600335,47.40558572135024,50.43592289160349,53.258918616351814,55.96603527653817,58.458404838269,60.77632191622806,62.94981484318229,64.97049410914491,66.921749582879,68.83802188962558,70.6211189752001,72.24823746197927,73.70046177382818,75.01658541854438,76.27216381806404,77.51960748779142,78.82127197494154,80.1708727164791,81.50775961339012,82.71634820528875,83.76086591460607,84.7330755184639,85.66042931676544,86.61235734659603,87.61560304642013,88.70017712392664,89.69417626943618,90.59570904760588,91.41764114954029,92.22678986205788,93.05727940130299,93.89278966049858,94.76517143808877,95.58909391491015,96.32200766182149,97.01635991163012,97.68848710102868,98.3551210263746,98.94905436674777,99.55873133074348,100.23063744587152,100.84618620552963,72.32945791036548
all_joint_err,10.68198568117037,16.21272788866913,22.64198538806369,29.72954520699536,37.142562528381845,44.4813807437058,51.41428154193419,57.66995399035576,63.286858649442955,68.6117988773219,74.00785673898217,79.52891606506361,85.00726960962838,90.430443355005,95.80611714366141,101.16060836900967,106.4896055257641,111.76852669293459,116.88723752172935,121.86403940050386,126.73127330593961,131.56154830121392,136.49933165356194,141.53159417346734,146.64789252215255,151.82286470136714,156.95732485974492,161.95202468829467,166.79598187951038,171.6143189456901,176.43939394516852,181.33883835098842,186.2981121530288,191.2566920378128,196.1103470433068,200.88151556944487,205.60757504500728,210.4008889201926,215.30782428307296,220.26822752112804,225.27672170850033,230.18969994623092,234.98046466090943,239.76015737581682,244.61415498348342,249.5281246726119,254.4053880807169,259.3102697506626,264.2985801714167,269.24646621669905,146.6491459677093
err,0,12,25,49,mean
path_err,5.9994470201859516,59.407070707068435,123.15006749533245,236.77996698981485,119.88540484132538
joint_err,8.048060932745054,58.458404838269,80.1708727164791,100.84618620552963,72.32945791036548
all_joint_err,10.68198568117037,85.00726960962838,151.82286470136714,269.24646621669905,146.6491459677093
hik-simlpe-train,30/06/2026 06:38:44,====> Epoch: 6 elapse: 1183.51 train_losses=0.24542 train_loss_joints=0.08783 train_loss_root=0.15759 lr: 0.00046
hik-simlpe-train,30/06/2026 06:58:29,====> Epoch: 7 elapse: 1184.24 train_losses=0.24368 train_loss_joints=0.08724 train_loss_root=0.15644 lr: 0.00045
hik-simlpe-train,30/06/2026 07:18:13,====> Epoch: 8 elapse: 1183.81 train_losses=0.24232 train_loss_joints=0.08669 train_loss_root=0.15563 lr: 0.00044
hik-simlpe-train,30/06/2026 07:37:52,====> Epoch: 9 elapse: 1179.86 train_losses=0.24014 train_loss_joints=0.08606 train_loss_root=0.15409 lr: 0.00044
hik-simlpe-train,30/06/2026 07:57:35,====> Epoch: 10 elapse: 1181.84 train_losses=0.23940 train_loss_joints=0.08571 train_loss_root=0.15369 lr: 0.00043
hik-simlpe-train,30/06/2026 08:17:17,====> Epoch: 11 elapse: 1182.70 train_losses=0.23817 train_loss_joints=0.08538 train_loss_root=0.15278 lr: 0.00042
"
",result_dir='./results/hik-releaseV0.1' epoch=11,30/06/2026 08:28:07
err,0,1,2,3,4,5,6,7,8,9,10,11,12,13,14,15,16,17,18,19,20,21,22,23,24,25,26,27,28,29,30,31,32,33,34,35,36,37,38,39,40,41,42,43,44,45,46,47,48,49,mean
path_err,5.614686452215737,8.5232898518228,12.049155765763714,15.602044381915645,19.431421532943933,23.610463006176534,28.083754521411812,32.75491104555645,37.61755940563101,42.59839639251056,47.49561774478896,52.133541364579955,56.64326154321654,61.2710846935864,66.03873466181005,70.91554480380806,75.86850987852317,80.86220402247346,85.73596042496983,90.41513106124123,94.9105612323415,99.35008061183946,103.8579447547311,108.47803449000365,113.22004684396943,118.11538437111656,123.04446232063468,127.9018786590778,132.65127395536558,137.26938049801575,141.78843971734133,146.24011832663143,150.73639475054844,155.31322289846386,159.9691292740005,164.69226060459235,169.49526061947958,174.35228827332602,179.204342077612,183.9701669083198,188.6999139469131,193.42063415595743,198.06234959030093,202.6805438598299,207.32179682154438,211.9674171979006,216.65438228493275,221.4256897285669,226.26985376538013,231.07885087157723,115.9081475193052
joint_err,7.244770366303954,12.21158009607222,17.70399273112088,23.036297021838166,28.171457475921045,32.899679924883465,37.283970277698145,41.213759121933236,44.62691958579878,47.64348309265772,50.42499249475268,52.95801184909573,55.229639942713774,57.377991198479016,59.47842228523125,61.51859400899482,63.58405402901868,65.66099832710425,67.58851273464515,69.3399330943284,70.91014993587466,72.3704216491486,73.80490268803787,75.2185873122332,76.62490122116476,78.02292477702355,79.38431656445763,80.66243029278365,81.85628279783211,83.03893080708322,84.15259669715013,85.21305276637128,86.21932567750913,87.25630690888093,88.21850402832321,89.11180738945569,89.95965840044472,90.81586979385061,91.70363021284555,92.5707091152659,93.40931265717526,94.14597454992693,94.78473882511419,95.4003829920551,96.01303745305134,96.6521666470568,97.27750043161842,97.99802094095656,98.81528025973334,99.51549657951497,70.32648560061061
all_joint_err,9.574520692190779,15.719634353833763,22.344514698156956,28.66779854460303,34.96693588239664,41.23846251195442,47.525410222130475,53.609553400170675,59.45377050698157,65.10031974129068,70.51848365332721,75.59608514684618,80.48821819750593,85.44876387626127,90.53777820559336,95.73294359796081,101.06292745114605,106.48812501014973,111.75110996394439,116.78489093957312,121.59501824257964,126.30594830041308,131.08490833376084,135.9426913571528,140.93997284301307,146.10671629352856,151.32024823994354,156.4543251932582,161.46519512522278,166.39928938389332,171.2287753625692,176.0008317905073,180.78843396297978,185.64113757654158,190.5182541240912,195.3907168540091,200.28328430034927,205.22268963084724,210.18224185658994,215.09906300439096,220.00853612491414,224.85336768665206,229.57676976054222,234.27155723942755,238.98313745070584,243.73376909278298,248.51673559801247,253.4412442505713,258.4774065590108,263.39031316429407,141.91665650597142
err,0,12,25,49,mean
path_err,5.614686452215737,56.64326154321654,118.11538437111656,231.07885087157723,115.9081475193052
joint_err,7.244770366303954,55.229639942713774,78.02292477702355,99.51549657951497,70.32648560061061
all_joint_err,9.574520692190779,80.48821819750593,146.10671629352856,263.39031316429407,141.91665650597142
hik-simlpe-train,30/06/2026 08:48:00,====> Epoch: 12 elapse: 1183.61 train_losses=0.23728 train_loss_joints=0.08502 train_loss_root=0.15226 lr: 0.00041
hik-simlpe-train,30/06/2026 09:07:39,====> Epoch: 13 elapse: 1178.30 train_losses=0.23657 train_loss_joints=0.08468 train_loss_root=0.15189 lr: 0.00041
hik-simlpe-train,30/06/2026 09:27:15,====> Epoch: 14 elapse: 1176.73 train_losses=0.23516 train_loss_joints=0.08453 train_loss_root=0.15063 lr: 0.00040
hik-simlpe-train,30/06/2026 09:46:55,====> Epoch: 15 elapse: 1179.92 train_losses=0.23387 train_loss_joints=0.08427 train_loss_root=0.14961 lr: 0.00039
hik-simlpe-train,30/06/2026 10:06:33,====> Epoch: 16 elapse: 1177.37 train_losses=0.23348 train_loss_joints=0.08404 train_loss_root=0.14944 lr: 0.00039
hik-simlpe-train,30/06/2026 10:26:11,====> Epoch: 17 elapse: 1177.98 train_losses=0.23287 train_loss_joints=0.08390 train_loss_root=0.14897 lr: 0.00038
"
",result_dir='./results/hik-releaseV0.1' epoch=17,30/06/2026 10:36:57
err,0,1,2,3,4,5,6,7,8,9,10,11,12,13,14,15,16,17,18,19,20,21,22,23,24,25,26,27,28,29,30,31,32,33,34,35,36,37,38,39,40,41,42,43,44,45,46,47,48,49,mean
path_err,5.182494677556828,7.392492334366461,10.674337615468295,14.0757700322229,17.834320024749534,21.93294126127759,26.357231382323043,30.98956848183513,35.70440955445354,40.45330840047597,45.295348352727295,50.17777905604014,55.01628695985608,59.81556527104861,64.58785808877984,69.37639497909987,74.18859054335452,79.0047040374749,83.71139760528939,88.27360637589005,92.68961295025849,97.05557283922597,101.47192792098332,106.01205099246691,110.64913216341486,115.38430856836003,120.15733443899116,124.88986545195245,129.53769859979985,134.06091237426836,138.50713027065203,142.93983242211416,147.39556858521829,151.84982487576073,156.30422187710113,160.7993304448692,165.34570504821664,169.97405967710952,174.71980018793965,179.50788042933323,184.35406127865056,189.19582363139386,193.8880323512343,198.46205543989905,202.9891794004297,207.515872361685,212.0889152750167,216.7263150106464,221.4342362792672,226.15255998489144,113.04206452330878
joint_err,7.024409758602662,11.399653474033975,16.85044898068066,22.28750241616091,27.44562617326069,32.10871998951475,36.441757774628364,40.42281208837527,43.936310310237694,46.99533290186292,49.750956376260795,52.28558696252817,54.62464265431374,56.87532354643815,59.078547430516664,61.22122263223671,63.348369347688696,65.4283691695207,67.34155470106562,69.1283007076384,70.77713555938983,72.31472013496986,73.78930570760083,75.20314597771933,76.58429603920105,77.95290676334893,79.31583324585111,80.6292127899949,81.84456578903766,83.00278317582334,84.06599098526405,85.06495249595636,86.00121163213313,86.94693145917154,87.84140060238157,88.7292786547341,89.62309576968367,90.53653246761183,91.47260998215941,92.38402532092924,93.244977398423,93.97995472860053,94.58702961156985,95.17683165538205,95.80895319624052,96.50643962148004,97.1673014696165,97.83110653370497,98.51400731925344,99.12054772580618,70.0002506241721
all_joint_err,8.97529773564709,14.036465036010437,20.675810815588427,27.10026503967815,33.35778458224225,39.42215492018558,45.5496477973876,51.62286306021696,57.41751396425987,62.907206420749176,68.29852762419372,73.61582345901661,78.83475682163397,83.98007733393288,89.11779056909037,94.27385207205046,99.50530787149002,104.74546378442463,109.82132514112537,114.73570329551366,119.45959188858076,124.09046957547532,128.779280087883,133.55769267507534,138.44969952437964,143.4685971812625,148.54803796851368,153.57562245215493,158.47349345294597,163.2654355246505,167.9743614227209,172.68056858457197,177.3844017770185,182.0693398804455,186.7169278169037,191.3699362800035,196.0717549061018,200.86639528125275,205.7823136917564,210.75149849362873,215.7539413287237,220.66960188415416,225.3538223407747,229.91211273771273,234.4567507817886,239.09734393521077,243.80007652032884,248.60875026159167,253.49006720216707,258.29945652522207,139.01541958654875
err,0,12,25,49,mean
path_err,5.182494677556828,55.01628695985608,115.38430856836003,226.15255998489144,113.04206452330878
joint_err,7.024409758602662,54.62464265431374,77.95290676334893,99.12054772580618,70.0002506241721
all_joint_err,8.97529773564709,78.83475682163397,143.4685971812625,258.29945652522207,139.01541958654875
hik-simlpe-train,30/06/2026 10:56:41,====> Epoch: 18 elapse: 1174.11 train_losses=0.23230 train_loss_joints=0.08365 train_loss_root=0.14865 lr: 0.00037
hik-simlpe-train,30/06/2026 11:16:15,====> Epoch: 19 elapse: 1173.36 train_losses=0.23163 train_loss_joints=0.08350 train_loss_root=0.14813 lr: 0.00036
hik-simlpe-train,30/06/2026 11:35:51,====> Epoch: 20 elapse: 1176.40 train_losses=0.23097 train_loss_joints=0.08344 train_loss_root=0.14752 lr: 0.00036
hik-simlpe-train,30/06/2026 11:55:29,====> Epoch: 21 elapse: 1177.43 train_losses=0.23057 train_loss_joints=0.08333 train_loss_root=0.14724 lr: 0.00035
hik-simlpe-train,30/06/2026 12:15:05,====> Epoch: 22 elapse: 1176.41 train_losses=0.22953 train_loss_joints=0.08307 train_loss_root=0.14646 lr: 0.00034
hik-simlpe-train,30/06/2026 12:34:41,====> Epoch: 23 elapse: 1175.61 train_losses=0.22931 train_loss_joints=0.08301 train_loss_root=0.14629 lr: 0.00034
"
",result_dir='./results/hik-releaseV0.1' epoch=23,30/06/2026 12:45:36
err,0,1,2,3,4,5,6,7,8,9,10,11,12,13,14,15,16,17,18,19,20,21,22,23,24,25,26,27,28,29,30,31,32,33,34,35,36,37,38,39,40,41,42,43,44,45,46,47,48,49,mean
path_err,4.8816262008054805,6.370646688029172,9.534171390290718,13.374744951408008,17.504635612402367,21.764680750010278,26.231535857996487,30.82793948996703,35.471522743316825,40.162405821349985,44.964450590517394,49.754899086297925,54.48643870673232,59.2334752268676,63.97615500613017,68.7128273056119,73.41054137164998,78.04689610136658,82.59028517408332,87.09561415871413,91.5939372110432,96.1468018508758,100.76604561862966,105.45441756457149,110.1537378041546,114.87008551300669,119.5097414216559,124.03720610048647,128.54493681447263,133.06694274578317,137.6514029600685,142.28952737079894,146.9966633271671,151.77176274385266,156.56523682972957,161.29797522265613,165.96981590958174,170.60919863857808,175.27133823256239,179.94951108653683,184.73865928448473,189.6252154380133,194.43477015240978,199.1754686048085,203.8661210375016,208.48579304212134,213.03708466185097,217.53885257463293,222.00102970749026,226.41876621134756,112.8046707582884
joint_err,6.776254372228299,10.908626104864808,15.825929584075318,20.934198891169174,26.02065084797871,30.825114616089145,35.320449486327306,39.364319009959125,42.85596370642679,45.862209740751624,48.58513677977008,51.1225210807005,53.457726390324474,55.66190324226713,57.772377657321535,59.779493986446255,61.768211939472174,63.73947538189786,65.58709023861407,67.31734420640583,68.93265305763138,70.47104467792798,71.96647076417639,73.40735404474397,74.81908770140825,76.20205070957589,77.52692347111953,78.74053555443518,79.83681713985901,80.92866465053086,81.99207345469529,83.04504927232479,84.0902490341234,85.20405166798713,86.24663068211707,87.19826937446368,88.0520387073361,88.8572106642521,89.6561589307688,90.43575070437247,91.23722429316088,92.02666110388144,92.76865486351666,93.48122102840026,94.15662491544367,94.82987949395684,95.42877638599029,96.03145989834076,96.65956442487618,97.23532428098041,68.41898944430973
all_joint_err,8.36034972872203,12.914228557752379,18.767823240864224,25.211945921069418,31.8340748919848,38.336467050506144,44.74923089814574,50.84723890362096,56.52349470886592,61.89350381011279,67.22356645536719,72.5080909482289,77.697989942817,82.8032641583999,87.84885297628037,92.85657446791274,97.89003848196289,102.90385332355346,107.77392814522038,112.58163049651793,117.35825145739115,122.17117756120595,127.07530434163141,132.02447719875394,136.99378820198174,141.98022956743807,146.88621198056842,151.66859551777395,156.38187042649912,161.1355081134936,165.9455307257101,170.85468947497966,175.86924508610244,181.00268949293616,186.11988695608665,191.09542685753487,195.9107419021078,200.6265005429924,205.32395556747977,210.03964003087756,214.89420009228147,219.85744227212425,224.78612370267138,229.67332635058438,234.4905508088044,239.2442751539422,243.87952011962227,248.47000015848877,253.02607396184774,257.4980948004312,137.87618951064496
err,0,12,25,49,mean
path_err,4.8816262008054805,54.48643870673232,114.87008551300669,226.41876621134756,112.8046707582884
joint_err,6.776254372228299,53.457726390324474,76.20205070957589,97.23532428098041,68.41898944430973
all_joint_err,8.36034972872203,77.697989942817,141.98022956743807,257.4980948004312,137.87618951064496
hik-simlpe-train,30/06/2026 13:05:24,====> Epoch: 24 elapse: 1178.10 train_losses=0.22845 train_loss_joints=0.08287 train_loss_root=0.14558 lr: 0.00033
hik-simlpe-train,30/06/2026 13:24:55,====> Epoch: 25 elapse: 1170.92 train_losses=0.22796 train_loss_joints=0.08275 train_loss_root=0.14521 lr: 0.00032
hik-simlpe-train,30/06/2026 13:44:24,====> Epoch: 26 elapse: 1168.89 train_losses=0.22744 train_loss_joints=0.08256 train_loss_root=0.14488 lr: 0.00031
hik-simlpe-train,30/06/2026 14:03:57,====> Epoch: 27 elapse: 1172.84 train_losses=0.22687 train_loss_joints=0.08254 train_loss_root=0.14432 lr: 0.00031
"
",result_dir='./results/hik-releaseV0.1' epoch=27,30/06/2026 14:14:45
err,0,1,2,3,4,5,6,7,8,9,10,11,12,13,14,15,16,17,18,19,20,21,22,23,24,25,26,27,28,29,30,31,32,33,34,35,36,37,38,39,40,41,42,43,44,45,46,47,48,49,mean
path_err,4.627694822864825,6.33305796549288,9.162246572982212,12.649173646952457,16.664712395037295,20.88528139724175,25.30850624489288,29.951759979022416,34.689398263656805,39.41021275237744,44.16428286513737,48.97151869529106,53.792533881213956,58.62412141496478,63.42682128727137,68.20265269717842,72.97119694338654,77.77816644556852,82.568637805948,87.34210254645714,92.12589983048183,96.93037195148447,101.75960124797905,106.57853479534637,111.30186234758067,116.01849880973504,120.78230066006714,125.56593161081402,130.35446831093535,135.113897692775,139.8535298641792,144.5688261230056,149.3208226308401,154.13190470406974,158.9777619529687,163.84698928552746,168.7682535379894,173.68151009073736,178.52203465761556,183.20579975141507,187.84685362944975,192.46347102508813,197.0154935693038,201.61520579795564,206.3518144261636,211.1696904416759,215.9833270824892,220.72614356932027,225.34937436340465,229.7382326387667,113.94384970044206
joint_err,6.902890673022994,10.886325163104726,15.727017840712724,20.68049051382679,25.70239404580673,30.49477957932896,35.05946996726085,39.210051121528416,42.78637507081014,45.880801571554876,48.679323340237566,51.25336013672073,53.60601781041694,55.83735470839899,57.97727076573641,59.977199862456544,61.922613234165645,63.85097680184602,65.68003737841346,67.4114163034938,69.0579233135501,70.67704743263732,72.28686322812305,73.80602111064306,75.20000016846893,76.52827155407104,77.83097821226816,79.08898818422244,80.25046190833669,81.3782602580299,82.4469836843972,83.49441852527555,84.50103253511071,85.51974508324359,86.45234264115254,87.35139621570288,88.24026551114048,89.12750871651369,89.99202047106597,90.81224099315602,91.64663098210205,92.43675393004708,93.16505028690327,93.8731867153763,94.5902736493835,95.33688383902339,96.00531064962257,96.65051595796261,97.31348683779372,97.9000856640527,68.6497422829644
all_joint_err,8.62981908305259,12.81758106292843,18.47286393664706,24.557277302107284,31.042091540517895,37.48002588576848,43.88040843533086,50.13441716604837,56.04644778868544,61.580523927783084,66.905523669736,72.14649631846297,77.3542942002341,82.5482429640758,87.69707511467985,92.76802682746165,97.83867040931807,102.95205312086047,108.01789401385798,113.08579699570349,118.15511184955255,123.2544395123331,128.41520940183307,133.51681465762778,138.49459201111074,143.45789811582554,148.45731645673084,153.49205471139388,158.52422117190673,163.5667921253802,168.57562878812595,173.5631854062094,178.53885835616572,183.56317172132353,188.57492213733943,193.59817649433813,198.6614753366368,203.72887149333158,208.7157080554252,213.5496269042614,218.3348097857,223.0627599267535,227.70420370303358,232.3949167457074,237.2135273175949,242.12524902130437,246.99674555096396,251.81189101076728,256.52755882725165,260.95895040109514,139.26980433520566
err,0,12,25,49,mean
path_err,4.627694822864825,53.792533881213956,116.01849880973504,229.7382326387667,113.94384970044206
joint_err,6.902890673022994,53.60601781041694,76.52827155407104,97.9000856640527,68.6497422829644
all_joint_err,8.62981908305259,77.3542942002341,143.45789811582554,260.95895040109514,139.26980433520566
hik-simlpe-train,30/06/2026 14:34:29,====> Epoch: 28 elapse: 1173.81 train_losses=0.22631 train_loss_joints=0.08243 train_loss_root=0.14388 lr: 0.00030
hik-simlpe-train,30/06/2026 14:54:08,====> Epoch: 29 elapse: 1178.81 train_losses=0.22578 train_loss_joints=0.08230 train_loss_root=0.14348 lr: 0.00029
hik-simlpe-train,30/06/2026 15:13:47,====> Epoch: 30 elapse: 1178.45 train_losses=0.22536 train_loss_joints=0.08222 train_loss_root=0.14314 lr: 0.00029
hik-simlpe-train,30/06/2026 15:33:25,====> Epoch: 31 elapse: 1177.87 train_losses=0.22451 train_loss_joints=0.08209 train_loss_root=0.14242 lr: 0.00028
"
",result_dir='./results/hik-releaseV0.1' epoch=31,30/06/2026 15:44:12
err,0,1,2,3,4,5,6,7,8,9,10,11,12,13,14,15,16,17,18,19,20,21,22,23,24,25,26,27,28,29,30,31,32,33,34,35,36,37,38,39,40,41,42,43,44,45,46,47,48,49,mean
path_err,4.243691304245449,6.501813288260115,9.364316671013452,12.901537012789428,16.944714506433975,21.281451809924345,25.874640177292875,30.598335621331966,35.308847223946145,40.02525357059968,44.83825945596966,49.68199927726065,54.459217176704016,59.20312690292878,63.91934328864654,68.65164102292174,73.39579098819871,78.11016731938952,82.67331429481361,87.07306915694612,91.37432045114926,95.67410064910143,100.04220199863919,104.49890777199234,109.05520149031557,113.75143091071071,118.52425479033927,123.2975410339119,128.00933272801277,132.6047943059008,137.1012373438651,141.5306282539785,145.97807020569368,150.45375206100599,154.99754866610326,159.6040049687542,164.22532083342963,168.86454082480898,173.5688763319803,178.29764238010333,183.09427290371423,187.95836219090566,192.77556905121884,197.54149762172318,202.2544268760397,206.85789953193265,211.37286655411245,215.83978671684145,220.34816286553368,224.97065645857543,111.99035477680022
joint_err,6.73775868160604,10.930795476685141,15.804773070061938,20.849093998606996,25.854811411990056,30.565036860683954,34.98413686720801,38.991030770365434,42.44811795997214,45.43277412956382,48.13890185622056,50.66957030501378,53.031029540560304,55.28185350285205,57.43615115292075,59.45292231142113,61.4279424767421,63.38237940386569,65.21399676700146,66.93679336138617,68.57955283695506,70.17726288017866,71.70889995649146,73.115624721752,74.41365318065753,75.69956787178499,77.0184327595648,78.32705825137035,79.56710990810988,80.7691669685104,81.8510330514947,82.8359001604117,83.77717638464978,84.80587989757568,85.83223807052754,86.84164750288004,87.80323740849468,88.70662033983575,89.54046662320049,90.27236030739756,90.98310581802,91.68106323860098,92.39406979495206,93.15852657166536,93.94766164575915,94.71743030943709,95.33807196491776,95.86260087257133,96.38081404271956,96.87287394280601,68.13097954376039
all_joint_err,8.148833096045488,12.952579944180131,18.736580595919797,24.91888257847099,31.402865048600372,37.93285559319993,44.40502434982534,50.56118694342228,56.24327822543806,61.59736674130099,66.88000190911947,72.15632533360498,77.37244078497487,82.51116318717914,87.57370685918808,92.5923201056386,97.62542669107587,102.63722851507897,107.50614338742801,112.26255325647206,116.94115574210271,121.60866927310809,126.32853379638665,131.05902015537933,135.8443660642615,140.77415178836867,145.80818331906397,150.86513225149372,155.84409422578102,160.75970756665242,165.563906431017,170.29805955798443,175.02942506963768,179.82049201908237,184.65322385604503,189.5075057201736,194.32162901602007,199.09619703569632,203.89142249822797,208.69278936758536,213.58575918377034,218.52727246817042,223.46020922293474,228.38628074713816,233.25756818504433,237.99920969686144,242.5589357678098,247.03305998646982,251.5484913742084,256.14920095041737,137.1046083096611
err,0,12,25,49,mean
path_err,4.243691304245449,54.459217176704016,113.75143091071071,224.97065645857543,111.99035477680022
joint_err,6.73775868160604,53.031029540560304,75.69956787178499,96.87287394280601,68.13097954376039
all_joint_err,8.148833096045488,77.37244078497487,140.77415178836867,256.14920095041737,137.1046083096611
hik-simlpe-train,30/06/2026 16:03:53,====> Epoch: 32 elapse: 1171.82 train_losses=0.22421 train_loss_joints=0.08200 train_loss_root=0.14221 lr: 0.00027
hik-simlpe-train,30/06/2026 16:23:26,====> Epoch: 33 elapse: 1173.05 train_losses=0.22389 train_loss_joints=0.08200 train_loss_root=0.14189 lr: 0.00026
hik-simlpe-train,30/06/2026 16:42:55,====> Epoch: 34 elapse: 1168.19 train_losses=0.22331 train_loss_joints=0.08185 train_loss_root=0.14147 lr: 0.00026
hik-simlpe-train,30/06/2026 17:02:24,====> Epoch: 35 elapse: 1169.80 train_losses=0.22281 train_loss_joints=0.08172 train_loss_root=0.14109 lr: 0.00025
"
",result_dir='./results/hik-releaseV0.1' epoch=35,30/06/2026 17:13:07
err,0,1,2,3,4,5,6,7,8,9,10,11,12,13,14,15,16,17,18,19,20,21,22,23,24,25,26,27,28,29,30,31,32,33,34,35,36,37,38,39,40,41,42,43,44,45,46,47,48,49,mean
path_err,4.059807686261123,6.187766217529692,9.305825570473427,12.981381488641587,17.059302264579685,21.3202544166911,25.758184425792077,30.311847012504185,34.9061091272977,39.50893298604354,44.18736141949978,48.897930312674745,53.58334874929293,58.28338957470504,62.956139107928635,67.5934792977846,72.2068169118423,76.82459083775079,81.41385451980392,85.98396520342187,90.53625819658077,95.10058262413024,99.64548183817067,104.18950394645069,108.69692883000985,113.22832194491914,117.76063808498547,122.2789858163191,126.81842598395586,131.37085569826888,135.92019864190877,140.42598946517296,144.9576435326769,149.51233905674277,154.10293994423031,158.73875500782339,163.39325770801403,168.09855175315383,172.84271895858296,177.5444698558356,182.24331596632746,186.95267941194217,191.60613841043926,196.23773541064307,200.8827573404253,205.49320066940675,210.0836561092434,214.6540765902895,219.24684461969824,223.8468015615999,111.19480680216934
joint_err,6.66511181021349,10.72352032674299,15.44301359690788,20.498078504950602,25.553559649227928,30.202221710112045,34.54386685289813,38.509994749783054,42.021756466716425,45.15893599070816,48.01222653469404,50.57465812750925,52.84450727924897,54.95436397879125,56.9968814863258,58.95686192165445,60.911783425211276,62.87866637457144,64.75544810440019,66.52021118254488,68.1521786443913,69.66999813047083,71.11584292485566,72.50980593353542,73.87987857458349,75.25738863629097,76.6177419434382,77.91263750848971,79.11598225926723,80.2894952521464,81.37000837037672,82.3810130715497,83.35155554771278,84.37809383881851,85.35868375972672,86.29586429078607,87.19397224276429,88.08805651440842,88.96601139421323,89.76820146144478,90.52949457287409,91.22694295837675,91.86724081461126,92.51367451662423,93.16920941587169,93.84543706247318,94.46507898838465,95.10559989333316,95.8003117997964,96.42911369433575,67.66700364178328
all_joint_err,8.058036510690949,12.650273303287475,18.405957587030482,24.685082070969862,31.233454435325616,37.56907431709062,43.77520116080884,49.77164671896004,55.45656751434304,60.87024291404709,66.16491631812336,71.33030895494143,76.38151754164221,81.39676688887975,86.3975842950772,91.32945994949688,96.2443302112806,101.19297503157057,106.1081090898721,111.02051239320888,115.8909410297137,120.74149865869366,125.60405825938231,130.43969371474236,135.24289045846857,140.0863234168254,144.93580524581958,149.77260192754582,154.58877139895037,159.4250356873885,164.2297824417054,168.98881312181769,173.768571899068,178.59781234029975,183.44585563324628,188.2955719681609,193.12248723047915,197.98040928005213,202.84223134458617,207.63631570558385,212.41679281797875,217.17535541912937,221.89048964679105,226.62264714576503,231.3713216977249,236.10879528614873,240.78784266461574,245.47194021665803,250.19468724628004,254.8739455641448,136.05182611348826
err,0,12,25,49,mean
path_err,4.059807686261123,53.58334874929293,113.22832194491914,223.8468015615999,111.19480680216934
joint_err,6.66511181021349,52.84450727924897,75.25738863629097,96.42911369433575,67.66700364178328
all_joint_err,8.058036510690949,76.38151754164221,140.0863234168254,254.8739455641448,136.05182611348826
hik-simlpe-train,30/06/2026 17:32:43,====> Epoch: 36 elapse: 1165.72 train_losses=0.22268 train_loss_joints=0.08165 train_loss_root=0.14103 lr: 0.00024
hik-simlpe-train,30/06/2026 17:52:11,====> Epoch: 37 elapse: 1168.10 train_losses=0.22192 train_loss_joints=0.08153 train_loss_root=0.14039 lr: 0.00024
hik-simlpe-train,30/06/2026 18:11:37,====> Epoch: 38 elapse: 1166.56 train_losses=0.22142 train_loss_joints=0.08146 train_loss_root=0.13996 lr: 0.00023
hik-simlpe-train,30/06/2026 18:31:05,====> Epoch: 39 elapse: 1167.53 train_losses=0.22088 train_loss_joints=0.08137 train_loss_root=0.13950 lr: 0.00022
"
",result_dir='./results/hik-releaseV0.1' epoch=39,30/06/2026 18:41:47
err,0,1,2,3,4,5,6,7,8,9,10,11,12,13,14,15,16,17,18,19,20,21,22,23,24,25,26,27,28,29,30,31,32,33,34,35,36,37,38,39,40,41,42,43,44,45,46,47,48,49,mean
path_err,3.8681984586844127,5.601766869785792,8.514190197122295,12.056440724063618,15.981681661898559,20.123944584268365,24.549666216463653,29.23332812068419,34.04227564389574,38.8837957854076,43.74049075684854,48.55631269450029,53.335194551660344,58.13831562801002,62.92537025469919,67.73349901786095,72.51922283341432,77.27619082238279,81.9321083426566,86.52735558021324,91.07497113940383,95.63732398097919,100.24301055861251,104.87651771514399,109.49813808791272,114.15788410391386,118.82943417630719,123.49867899536343,128.16929192261173,132.80022736650673,137.39414928604668,141.9559362503084,146.50682448580025,151.0686693972611,155.65275726592245,160.2460449362504,164.8591367456801,169.50702974271346,174.21159069872505,178.89951608985632,183.62784951748665,188.36274146671408,193.03544828221894,197.676917581351,202.3208631314943,206.91915472994603,211.4687914943246,216.01208112935782,220.5834110771119,225.19784579793654,111.79663171795565
joint_err,6.293250637007528,10.422103970794579,15.087738259551264,20.08064228646789,25.08366297007223,29.750439852516877,34.092972903895784,38.02373165726354,41.47951883433565,44.56494127050248,47.40186931604746,50.01407108160522,52.363749442356294,54.55051450141747,56.65532932366993,58.67539271723624,60.68432833753156,62.67376611559175,64.53542674209115,66.2768028451215,67.90531725891454,69.4624096712177,70.97441661305349,72.4321013072254,73.83673498286717,75.21336711461993,76.54595941128548,77.7966422506459,78.96139698357517,80.12165976701003,81.21372395021143,82.25354430451253,83.25697204259151,84.31071369975122,85.30852138371186,86.2515867979145,87.14688197400972,88.04065762564615,88.92845772370943,89.75389339409054,90.54637940671556,91.26819082169416,91.94270483249409,92.63191611149847,93.32841224464633,94.01090353242788,94.60325335101359,95.19028686277954,95.82688792681843,96.41433795558846,67.48376968734634
all_joint_err,7.489121017068774,12.088243180342204,17.61880543045026,23.69278035588113,30.133323027014896,36.467179019768864,42.71197297746623,48.78059830677906,54.56569377837292,60.12150132625303,65.55527488958181,70.86807888812378,76.0501863755022,81.19227730055889,86.33331195722324,91.48750044694155,96.64503228535787,101.77097627953943,106.74967337951637,111.65881559055748,116.52133967843467,121.40388255821429,126.34386209853966,131.27373256068918,136.1762127005353,141.11388745849175,146.06735059110395,151.01139165224447,155.92438170040765,160.8547965383624,165.73990537953256,170.59158945569078,175.41604012346,180.26950637940269,185.10121905030206,189.89865261087155,194.6827494397096,199.48687149097702,204.33126568631224,209.1318342465069,213.94019180510006,218.71608469446747,223.43939987473024,228.16049931277948,232.89198267516022,237.58663554771968,242.1897953720626,246.806063798401,251.47036148628337,256.1303437652785,136.69304351088144
err,0,12,25,49,mean
path_err,3.8681984586844127,53.335194551660344,114.15788410391386,225.19784579793654,111.79663171795565
joint_err,6.293250637007528,52.363749442356294,75.21336711461993,96.41433795558846,67.48376968734634
all_joint_err,7.489121017068774,76.0501863755022,141.11388745849175,256.1303437652785,136.69304351088144
hik-simlpe-train,30/06/2026 19:01:28,====> Epoch: 40 elapse: 1171.41 train_losses=0.22047 train_loss_joints=0.08135 train_loss_root=0.13912 lr: 0.00021
hik-simlpe-train,30/06/2026 19:20:55,====> Epoch: 41 elapse: 1166.58 train_losses=0.21998 train_loss_joints=0.08121 train_loss_root=0.13877 lr: 0.00021
hik-simlpe-train,30/06/2026 19:40:23,====> Epoch: 42 elapse: 1168.86 train_losses=0.21945 train_loss_joints=0.08119 train_loss_root=0.13826 lr: 0.00020
hik-simlpe-train,30/06/2026 19:59:58,====> Epoch: 43 elapse: 1174.58 train_losses=0.21898 train_loss_joints=0.08112 train_loss_root=0.13787 lr: 0.00019
"
",result_dir='./results/hik-releaseV0.1' epoch=43,30/06/2026 20:10:41
err,0,1,2,3,4,5,6,7,8,9,10,11,12,13,14,15,16,17,18,19,20,21,22,23,24,25,26,27,28,29,30,31,32,33,34,35,36,37,38,39,40,41,42,43,44,45,46,47,48,49,mean
path_err,3.885709208941101,5.968386773232305,8.880766980659091,12.296822844187805,16.232958343403624,20.456221274484747,24.890612949536685,29.457542874896042,34.04554958365967,38.623249373651895,43.27590128441129,47.99206608100025,52.71708459463585,57.45257779360361,62.14248587468931,66.82001804439624,71.46917176887884,76.08071478136657,80.6146076277675,85.1137315886413,89.60272568986873,94.14233131224651,98.72623852385773,103.32725628986309,107.91018222570601,112.49753239125471,117.07091268082372,121.62042843355377,126.16962033226721,130.725247340803,135.3074812070339,139.88230447967698,144.4572386653241,149.01694896789584,153.5643348576468,158.0910571366707,162.63124138873104,167.22406530032458,171.90148483165365,176.59950550702763,181.3630417313117,186.16019921396264,190.8731026556006,195.53976907789516,200.18982140964658,204.77990636056072,209.33202923911082,213.86179364645957,218.4074514815373,222.96806098914513,110.44718986027009
joint_err,6.237266549851608,10.465520273459898,15.165733503789964,20.150329458588544,25.12443494043204,29.795910251156897,34.20377444929309,38.1856741939267,41.621688791292996,44.60605031142317,47.32152932394132,49.85393262474647,52.194680708952,54.41638040263644,56.556191058203076,58.5970242295905,60.606645584070215,62.583617939628056,64.42649953906215,66.1731995523311,67.8222024038631,69.38475401654031,70.88362839134643,72.31785477684038,73.73352017088912,75.15589021346685,76.55783954715135,77.88285096806426,79.10503872512159,80.28583033181599,81.37273913439856,82.39296319147425,83.3679051624571,84.40521994797841,85.422958280337,86.41149601554494,87.35809027650512,88.26938963936303,89.13795700045709,89.92579069892571,90.69633465772559,91.43116419446847,92.13552876566521,92.85918619472955,93.58655245284906,94.30337803575011,94.91178765157095,95.48363645213333,96.06332170113733,96.60397048163895,67.5510972633317
all_joint_err,7.475122427314524,12.265591684753202,17.959410408187683,24.05706429314856,30.448597194557586,36.799057623007215,43.11734587837182,49.208260242780675,54.867009667527114,60.15115297958312,65.3179640457308,70.461472200054,75.56735903201286,80.62891771032209,85.64600780948174,90.62849419255728,95.62065672537527,100.59497892050518,105.47662754041448,110.34151299929768,115.18207804226726,120.03586176698502,124.92964946468302,129.80971769655463,134.6824546295755,139.59167142567202,144.5035512841159,149.38543171999285,154.21907282440773,159.06256718071123,163.8927311090111,168.7006346633452,173.48579079922598,178.30315441948323,183.11919254511074,187.90035516979157,192.6479268954384,197.40153281019553,202.18287460203683,206.94545923513294,211.75006823126006,216.57966632753173,221.37018113019636,226.17393178683324,230.96997981338836,235.70388344496766,240.30643133674417,244.85600550764147,249.41168067267267,253.95232070417973,135.47376921628268
err,0,12,25,49,mean
path_err,3.885709208941101,52.71708459463585,112.49753239125471,222.96806098914513,110.44718986027009
joint_err,6.237266549851608,52.194680708952,75.15589021346685,96.60397048163895,67.5510972633317
all_joint_err,7.475122427314524,75.56735903201286,139.59167142567202,253.95232070417973,135.47376921628268
hik-simlpe-train,30/06/2026 20:30:28,====> Epoch: 44 elapse: 1177.49 train_losses=0.21818 train_loss_joints=0.08100 train_loss_root=0.13718 lr: 0.00019
hik-simlpe-train,30/06/2026 20:50:01,====> Epoch: 45 elapse: 1172.59 train_losses=0.21762 train_loss_joints=0.08085 train_loss_root=0.13677 lr: 0.00018
hik-simlpe-train,30/06/2026 21:09:37,====> Epoch: 46 elapse: 1175.43 train_losses=0.21790 train_loss_joints=0.08084 train_loss_root=0.13706 lr: 0.00017
hik-simlpe-train,30/06/2026 21:29:17,====> Epoch: 47 elapse: 1180.22 train_losses=0.21704 train_loss_joints=0.08074 train_loss_root=0.13630 lr: 0.00016
"
",result_dir='./results/hik-releaseV0.1' epoch=47,30/06/2026 21:40:02
err,0,1,2,3,4,5,6,7,8,9,10,11,12,13,14,15,16,17,18,19,20,21,22,23,24,25,26,27,28,29,30,31,32,33,34,35,36,37,38,39,40,41,42,43,44,45,46,47,48,49,mean
path_err,3.920339260467134,5.878832275572926,8.886043249523725,12.42294450017515,16.25953545651525,20.245592046600944,24.474441126620693,28.958398583286385,33.61516696416649,38.346870646815844,43.11618263906955,47.83790978032611,52.4984410904657,57.1596630482557,61.832282594264306,66.54756471045998,71.26371797285731,75.93908993383795,80.51705248104803,85.01791053766756,89.48205268105879,93.98677807016551,98.55339155246413,103.19030175290922,107.83428501220591,112.49632773166043,117.11595537922987,121.68774797169746,126.26021643066059,130.83940062401885,135.4527685657096,140.06415409368688,144.6812374127018,149.2963269604247,153.90258216872402,158.4800896067113,163.070845234414,167.7074185839324,172.41244082609546,177.12239271926765,181.86360286046914,186.60867755816275,191.27454516409813,195.92514883654945,200.60615030724017,205.27305362652436,209.90590190764274,214.49027598003832,219.0115685575984,223.41991279683492,110.53507059741787
joint_err,6.314462036926901,10.426733960380417,15.215450805826872,20.35119929763434,25.280609833326515,29.824973332394656,34.105315247471076,38.05463260347911,41.538284481015545,44.55696637100442,47.229819304311626,49.7008253694432,52.01092018234822,54.22633318911206,56.370890044528394,58.43034954513755,60.46198893328819,62.4316379647544,64.23435184825537,65.92579075239871,67.54026973053706,69.08134036269925,70.55538960674073,71.9744460757716,73.34931254785414,74.70400254426802,76.02769190771315,77.29215561084663,78.49061755383383,79.67142290917596,80.77502279654043,81.81833317895335,82.81425741591582,83.85967681190921,84.858912018508,85.8206106996558,86.73332699742511,87.60661903874633,88.44626124661266,89.22390975120346,89.9970715775205,90.75001691398859,91.4957206529282,92.28459767269302,93.07856657388743,93.82778894319812,94.42327057331678,94.92874345669284,95.43859820075355,95.92928482105515,67.18977546587965
all_joint_err,7.666155541378791,12.254573087791163,17.957378189590198,24.205439905594265,30.50562498227493,36.601432701444,42.6364153003171,48.564341605896104,54.22511183731898,59.59800911464149,64.82513050343957,69.97872447735668,75.06857416836655,80.11489850267272,85.13515343547972,90.15599868160271,95.20453268987868,100.22104236605392,105.11744533188708,109.95173668031761,114.75854425549127,119.5847405939547,124.46780192817603,129.36557373582474,134.25171185981682,139.16224699544972,144.04390987120325,148.89164263309814,153.72899581806,158.6025552064194,163.48217382671587,168.35333682034013,173.21114584660933,178.10721052144007,182.98386067464492,187.80125198239634,192.56326770405695,197.32047167072142,202.09642060530112,206.84660140404023,211.63928238857554,216.44379018088856,221.2243021630422,226.05724302835876,230.92211607904207,235.7432014256367,240.4111202066384,244.98057791100248,249.48320939826704,253.86394772952025,135.2075994713607
err,0,12,25,49,mean
path_err,3.920339260467134,52.4984410904657,112.49632773166043,223.41991279683492,110.53507059741787
joint_err,6.314462036926901,52.01092018234822,74.70400254426802,95.92928482105515,67.18977546587965
all_joint_err,7.666155541378791,75.06857416836655,139.16224699544972,253.86394772952025,135.2075994713607
hik-simlpe-train,30/06/2026 21:59:48,====> Epoch: 48 elapse: 1176.25 train_losses=0.21652 train_loss_joints=0.08071 train_loss_root=0.13582 lr: 0.00016
hik-simlpe-train,30/06/2026 22:19:20,====> Epoch: 49 elapse: 1172.23 train_losses=0.21580 train_loss_joints=0.08054 train_loss_root=0.13527 lr: 0.00015
"
",result_dir='./results/hik-releaseV0.1' epoch=49,30/06/2026 22:29:58
err,0,1,2,3,4,5,6,7,8,9,10,11,12,13,14,15,16,17,18,19,20,21,22,23,24,25,26,27,28,29,30,31,32,33,34,35,36,37,38,39,40,41,42,43,44,45,46,47,48,49,mean
path_err,3.592554013680821,5.560321127097216,8.36549236263263,11.749193664425649,15.59942162923584,19.655261157611786,23.967154737284,28.495289393243702,33.095913749120825,37.70424724259179,42.41863514420255,47.18932100495131,51.912399895048814,56.619841586744656,61.32261373771757,66.02085919623643,70.67642908312959,75.30533228578439,79.87400137206157,84.40692872465644,88.91820958312422,93.46175576448259,98.074239775903,102.72820789099211,107.36922491576748,112.00503004374357,116.60624130068172,121.17568142525315,125.72578021846378,130.26924490874308,134.8528808381597,139.45434980525775,144.0794422459483,148.72936197298853,153.38794091174964,158.04190275933928,162.71033067504715,167.4043759080962,172.12129466132615,176.80332581335026,181.5088822149321,186.22814467786168,190.87873662139413,195.5250539672427,200.21718869979503,204.9029172417821,209.559086788898,214.1662495800326,218.71369460346017,223.17168178610518,110.04643337414757
joint_err,6.10588414770295,10.215468403552553,14.884808764615657,19.930027048288192,24.86289688481547,29.468604907350436,33.846101924706836,37.84289155899799,41.288306336873134,44.27234172513104,46.97539090494348,49.49906961549435,51.82810425033795,54.033715146016505,56.16280698265426,58.196707756174064,60.21057104397791,62.19902160029664,64.06223377256187,65.80991336339659,67.44013110150539,68.98168657275613,70.46160761698856,71.87461445458734,73.22766287332972,74.56491350710999,75.8904798145697,77.1617559183153,78.34963206371046,79.51224578439492,80.60584910969081,81.6530771683712,82.65553328100081,83.70273323556134,84.7036615908463,85.66336029660211,86.5748469145931,87.46649882583665,88.34630024503781,89.1743474248658,89.97749135661245,90.72279267136476,91.42345296016056,92.13283071581706,92.83988631762482,93.53741923285698,94.1366738342728,94.70010640646183,95.27558453302944,95.81393014332241,67.00531944218169
all_joint_err,7.18732410355499,11.870748314328912,17.474823611392345,23.602109937351937,29.89558378779912,36.07756736077104,42.24341913951311,48.24354497880273,53.86591037343907,59.15880488545096,64.34992650435193,69.53456371121449,74.66079892222415,79.73635140531894,84.77268130597038,89.7632397846001,94.74989327593173,99.71804018169891,104.60607139847957,109.46880844548342,114.29609367141353,119.13475074081177,124.02246976909512,128.9019731380461,133.75548999589586,138.63235599743598,143.4984326253925,148.3412744734103,153.1494354299636,157.978626138768,162.83189826525376,167.69623553530096,172.56011877391788,177.46048179409675,182.34506676469127,187.18916209449415,191.99092903319797,196.78736423181738,201.58428880259396,206.34325857384192,211.12737143371191,215.90602600797297,220.64520651184486,225.41477310315145,230.2220239046587,235.0094175469167,239.6818304511121,244.29913451834267,248.8671056479057,253.33708925932632,134.67979791324123
err,0,12,25,49,mean
path_err,3.592554013680821,51.912399895048814,112.00503004374357,223.17168178610518,110.04643337414757
joint_err,6.10588414770295,51.82810425033795,74.56491350710999,95.81393014332241,67.00531944218169
all_joint_err,7.18732410355499,74.66079892222415,138.63235599743598,253.33708925932632,134.67979791324123
hik-simlpe-train,30/06/2026 22:49:38,====> Epoch: 50 elapse: 1170.39 train_losses=0.21618 train_loss_joints=0.08056 train_loss_root=0.13562 lr: 0.00014
hik-simlpe-train,30/06/2026 23:09:11,====> Epoch: 51 elapse: 1172.82 train_losses=0.21583 train_loss_joints=0.08041 train_loss_root=0.13542 lr: 0.00014
"
",result_dir='./results/hik-releaseV0.1' epoch=51,30/06/2026 23:19:54
err,0,1,2,3,4,5,6,7,8,9,10,11,12,13,14,15,16,17,18,19,20,21,22,23,24,25,26,27,28,29,30,31,32,33,34,35,36,37,38,39,40,41,42,43,44,45,46,47,48,49,mean
path_err,3.6414726957839556,5.467896872066905,8.501080853578403,12.078484802500778,15.884456278940515,19.860213048741404,24.12450069706231,28.639123122247586,33.24962609889496,37.872442617602594,42.573672476881384,47.30761389912778,52.017336960640236,56.722426116511805,61.405172361245796,66.08829158107083,70.76488730302789,75.42246520800026,80.03766425129419,84.63233895911179,89.20302443221028,93.75099385152416,98.2611959890978,102.7600760428019,107.24820139342539,111.79052092459875,116.38307060591809,121.01679192616791,125.70773638629782,130.39516706159458,135.0561585982073,139.6290906438203,144.1508469529435,148.65725747974895,153.18361511166708,157.72923621122752,162.33009224948034,167.0210259860273,171.79553116768113,176.56936921386475,181.3460853374796,186.1029325910405,190.75375426741215,195.37064114741472,200.01471654891677,204.67502343366618,209.35180555486224,214.00374796339452,218.60285414658208,223.1035360339347,110.0451053091468
joint_err,6.177656842168387,10.105038318449632,14.95869311902719,20.130203942581616,25.050139575721175,29.59130539790491,33.92004285190555,37.896505393548644,41.331911223798045,44.298306050914306,46.97964550006573,49.495499309952216,51.83276458453886,54.059432245210175,56.21828884905259,58.28537585126323,60.30844076573532,62.27466020245734,64.08367344826266,65.79162609050057,67.42248759228414,69.00239678216079,70.53372844014373,72.00224306097583,73.41430056259962,74.79904083255721,76.14129874105241,77.41754984460763,78.6190174883431,79.80873114322569,80.91263722330038,81.93791304799747,82.91371929991519,83.95777467245969,84.98927430529812,85.98163174633704,86.90349671855522,87.79467797862634,88.68072262434879,89.52535472186462,90.34634595619403,91.11034153732662,91.82633689391433,92.54050896063055,93.22995395758942,93.90342492786263,94.48304729355883,95.0345289306861,95.59708753086444,96.1226251889391,67.19482815134555
all_joint_err,7.310154657743564,11.717107212076142,17.52696085770502,23.872527545336403,30.154749857511696,36.24784638500924,42.37152869950274,48.34975172023863,53.939490215228766,59.19881785211185,64.37893001943749,69.54973128642233,74.67079651679987,79.73567356437992,84.75020519235434,89.72289205014098,94.71448082598559,99.7114553221126,104.63540588644678,109.55615029873375,114.44298007571214,119.29570000107537,124.1133330966397,128.88822170978366,133.66099473390693,138.50114671967708,143.38309730264015,148.28815682646967,153.20273955312837,158.12822897878755,163.02226885276949,167.8480840874124,172.62390967361688,177.4107103488344,182.21843461826603,187.00022937280215,191.75258508443724,196.53958532335983,201.38772721168138,206.23435702046405,211.09217043941715,215.9266592684243,220.68320637940454,225.4356569186693,230.18549753347622,234.94137938380186,239.64792539819433,244.33278914299297,248.97347156299753,253.49329795324408,134.6953840107473
err,0,12,25,49,mean
path_err,3.6414726957839556,52.017336960640236,111.79052092459875,223.1035360339347,110.0451053091468
joint_err,6.177656842168387,51.83276458453886,74.79904083255721,96.1226251889391,67.19482815134555
all_joint_err,7.310154657743564,74.67079651679987,138.50114671967708,253.49329795324408,134.6953840107473
hik-simlpe-train,30/06/2026 23:39:37,====> Epoch: 52 elapse: 1172.94 train_losses=0.21475 train_loss_joints=0.08036 train_loss_root=0.13439 lr: 0.00013
hik-simlpe-train,30/06/2026 23:59:11,====> Epoch: 53 elapse: 1174.46 train_losses=0.21455 train_loss_joints=0.08027 train_loss_root=0.13429 lr: 0.00012
"
",result_dir='./results/hik-releaseV0.1' epoch=53,01/07/2026 00:09:57
err,0,1,2,3,4,5,6,7,8,9,10,11,12,13,14,15,16,17,18,19,20,21,22,23,24,25,26,27,28,29,30,31,32,33,34,35,36,37,38,39,40,41,42,43,44,45,46,47,48,49,mean
path_err,3.4288821002937455,5.63008158203498,8.385837020355597,11.748322355196553,15.594399905081596,19.714231781866427,24.05497795623263,28.545737637880816,33.13569078110685,37.81849320011649,42.61698393705061,47.42007542844783,52.15307865945642,56.83821997659182,61.479447130156295,66.11379592945069,70.74132681689967,75.35627451716105,79.91086841625857,84.41416135114697,88.86789910120544,93.30553587148516,97.75918204087722,102.26361564255978,106.8005343824693,111.38398434285823,115.97533087258715,120.54237577984388,125.09484295424059,129.61640828577077,134.1604374314021,138.7223446012322,143.30353690324048,147.86388121954016,152.41356558793223,156.96192524966054,161.5617914667899,166.2276245199643,170.97782394911738,175.747314877576,180.5456755027603,185.3223908655804,189.96611333983844,194.54346673500572,199.12619057116112,203.72887593130088,208.367798651194,213.04936506631907,217.72492178267865,222.35407073561896,109.58759421489191
joint_err,6.114851077685981,9.972621497548545,14.665553811300745,19.64186700625616,24.570104747426452,29.220032856794425,33.604958525292325,37.61984205249595,41.140484431289536,44.181753189399636,46.88438228371839,49.391520963470875,51.72656527443726,53.938958374422526,56.0698748685509,58.12947882958919,60.181575825177795,62.19083353788761,64.05837675608902,65.81721479199683,67.47480803502582,69.03607872749349,70.53342725599886,71.99709839488285,73.43568125859417,74.8580262175883,76.23455559676621,77.52445778519237,78.72333528060462,79.89859906142831,81.00929892981529,82.0836940084868,83.11960673987947,84.20129909900851,85.22762572615002,86.19967534574327,87.12611657981542,88.039436323667,88.94005636552278,89.77769817231437,90.59269651781914,91.34509372885077,92.0456814251488,92.73661314182198,93.41269343878574,94.09094385745007,94.70645119908043,95.32362755227824,95.96789840542606,96.5559514545956,67.22678152652131
all_joint_err,7.15938018364052,11.617884883319439,17.266627922461687,23.329909742014365,29.617997738587206,35.8794823033055,42.09395489093472,48.112728905123504,53.7884084491124,59.15258821428882,64.3863499010611,69.57563021555804,74.69073349609688,79.72272848796743,84.7068790370725,89.6846319002106,94.69409099267874,99.70432220123365,104.61582917968583,109.47998167623993,114.27762393910841,119.02475123382995,123.77889606297298,128.55258530132895,133.36728913790185,138.25983476573583,143.1683039089192,148.03329942038386,152.83779600003157,157.6385737697217,162.45743052210602,167.303398901379,172.15416074940325,177.0146273132009,181.83348063295182,186.58423950889159,191.30825887713962,196.06972130177104,200.89791873870442,205.74363910795037,210.6208799639257,215.46932513763468,220.20086787823323,224.88195739280053,229.55604038635587,234.25844526819827,238.95967570033739,243.71731118253075,248.47812291029248,253.13989984972864,134.37736990368128
err,0,12,25,49,mean
path_err,3.4288821002937455,52.15307865945642,111.38398434285823,222.35407073561896,109.58759421489191
joint_err,6.114851077685981,51.72656527443726,74.8580262175883,96.5559514545956,67.22678152652131
all_joint_err,7.15938018364052,74.69073349609688,138.25983476573583,253.13989984972864,134.37736990368128
hik-simlpe-train,01/07/2026 00:29:44,====> Epoch: 54 elapse: 1177.30 train_losses=0.21374 train_loss_joints=0.08024 train_loss_root=0.13350 lr: 0.00011
hik-simlpe-train,01/07/2026 00:49:25,====> Epoch: 55 elapse: 1181.37 train_losses=0.21326 train_loss_joints=0.08017 train_loss_root=0.13309 lr: 0.00011
"
",result_dir='./results/hik-releaseV0.1' epoch=55,01/07/2026 01:00:15
err,0,1,2,3,4,5,6,7,8,9,10,11,12,13,14,15,16,17,18,19,20,21,22,23,24,25,26,27,28,29,30,31,32,33,34,35,36,37,38,39,40,41,42,43,44,45,46,47,48,49,mean
path_err,3.4350186618645853,5.462256698777042,8.226769957213104,11.656619785581384,15.522361213793927,19.61406538269473,23.933684496672353,28.4402134266872,33.04874165417521,37.72892866919349,42.54888179019272,47.4202452577586,52.245820742431626,57.048766876748765,61.80596626053065,66.55235353745763,71.2856796488467,76.04190972126322,80.7779572225961,85.4817416924797,90.12091984014855,94.72562101651354,99.32876277198149,103.9769793694332,108.6464043609858,113.3758000120387,118.14873694214229,122.91739171190005,127.67768102727605,132.39709518724183,137.08686062384297,141.73088755185182,146.37574611002145,151.03646345258826,155.719662315848,160.42998493342682,165.19368367795795,170.01566387313312,174.89256518822893,179.73389055496688,184.5791915089431,189.4041012348221,194.11781331069417,198.80656600270186,203.54249990560638,208.29486141377282,213.01375547996537,217.6796324328075,222.2501418090957,226.650006701167,111.60294706036125
joint_err,6.0869394524891565,10.039529496685855,14.61006325803037,19.563168561253896,24.49783294500868,29.13688835339096,33.523982105746384,37.50553687751665,40.94090836331794,43.93660838327551,46.681814716500256,49.24325382993896,51.578936900543304,53.765560895580414,55.873919617457695,57.915691763520364,59.95163934206531,61.96323717787099,63.84715120891292,65.62053471636109,67.280374183207,68.8395308263576,70.33695627211655,71.77886537570139,73.17564228787064,74.55929997408938,75.91041917587881,77.17373865278563,78.3322503946777,79.47495802070863,80.57110364124453,81.64286887893886,82.68731217528527,83.78656627631554,84.83523352315335,85.81421530513013,86.72431936888614,87.60095318297343,88.47473939670435,89.30444289913041,90.12903979331449,90.91324413860664,91.65403259106635,92.38267382342228,93.07946238251846,93.75746495418319,94.34333076377061,94.90504802459823,95.48209510916834,96.02685872951623,66.94520476173574
all_joint_err,7.147976328488488,11.629333796879383,17.101629059368346,23.18443929446249,29.511247296098553,35.72410901408666,41.89128447151387,47.88045440921485,53.52283705604999,58.88502256085202,64.19515614269751,69.48406530846725,74.68857694190245,79.82210615017804,84.91930634104867,90.00519735438903,95.13424959358085,100.29668119464162,105.3957636460329,110.43836520338037,115.36480616588503,120.21235228852831,125.04472190568266,129.8840922292035,134.7538974578213,139.72025963876445,144.74384538527048,149.7468111308906,154.70570509710168,159.66675102556752,164.6105551534901,169.53033216998418,174.4368340610063,179.38637836710186,184.33332066462768,189.24591074307227,194.1429142386079,199.06359603929948,204.02379062034098,208.9483787216073,213.87787114122938,218.77524065148992,223.57995967302728,228.37893174169565,233.21082564476976,238.05310394314353,242.81065296644934,247.5202730082031,252.13084951249178,256.54137165346077,135.94604268406295
err,0,12,25,49,mean
path_err,3.4350186618645853,52.245820742431626,113.3758000120387,226.650006701167,111.60294706036125
joint_err,6.0869394524891565,51.578936900543304,74.55929997408938,96.02685872951623,66.94520476173574
all_joint_err,7.147976328488488,74.68857694190245,139.72025963876445,256.54137165346077,135.94604268406295
hik-simlpe-train,01/07/2026 01:20:01,====> Epoch: 56 elapse: 1175.73 train_losses=0.21312 train_loss_joints=0.08010 train_loss_root=0.13303 lr: 0.00010
hik-simlpe-train,01/07/2026 01:39:39,====> Epoch: 57 elapse: 1178.54 train_losses=0.21268 train_loss_joints=0.08000 train_loss_root=0.13268 lr: 0.00009
"
",result_dir='./results/hik-releaseV0.1' epoch=57,01/07/2026 01:50:27
err,0,1,2,3,4,5,6,7,8,9,10,11,12,13,14,15,16,17,18,19,20,21,22,23,24,25,26,27,28,29,30,31,32,33,34,35,36,37,38,39,40,41,42,43,44,45,46,47,48,49,mean
path_err,3.2866298178738145,5.4999056848606935,8.23781522274778,11.610847491815703,15.419172318650856,19.498783398219796,23.85835447829104,28.42240443781795,33.04100853343301,37.653497263592186,42.35544450702212,47.125016383135,51.882882146120906,56.643521644445634,61.36073084465187,66.05691247989189,70.71619093318493,75.35011900846148,79.94190339820398,84.53013318285285,89.10978249350755,93.69214114366088,98.27690620568,102.87564083573811,107.47169619580384,112.12944071482352,116.81891912349613,121.50675696889022,126.20541734583851,130.88067814021682,135.55324904517624,140.187711107787,144.81537067823146,149.43746453703872,154.0690908640682,158.69441668760123,163.3441644840881,168.02541639210332,172.73053636016172,177.40053133188528,182.09506773945046,186.82080855070322,191.49618404394514,196.17104984094192,200.871070618507,205.55860354823918,210.1977366641053,214.7698719855446,219.27844543367186,223.70574851471537,110.33362381541787
joint_err,6.020123716695677,10.19191040472498,14.713038315509992,19.602112169777293,24.550549673501564,29.229496844433267,33.640102652444824,37.63437221757077,41.103712169436804,44.147826114191396,46.915303350237615,49.49283034238857,51.8726357218524,54.122088356160084,56.28333353394887,58.354345779617475,60.40762938856807,62.435749670850925,64.32592194505311,66.10746526134864,67.78632323804588,69.37994793580488,70.9051993403676,72.37126947336874,73.80348499233175,75.22901443430871,76.60200927888273,77.87210257324001,79.04295563752157,80.2037192322059,81.31982845079752,82.41813412156081,83.48832436923723,84.5967661897891,85.64390474640297,86.62082242885995,87.53318810894069,88.41571885208793,89.27963569232747,90.09526057946901,90.91587830886817,91.706956896516,92.45028343267343,93.17177233408331,93.86573559135456,94.55121021795338,95.15006847248272,95.72251062048295,96.30458185763693,96.8431903134543,67.48880690698736
all_joint_err,7.053791214889568,11.777188776655592,17.14282668419403,23.16207420479978,29.492923670346894,35.76469733629558,42.00251517080641,48.0504734114734,53.7253248213345,59.07907459786952,64.32586834072397,69.55801689811362,74.74083518967443,79.8578540200322,84.9107375914448,89.92376060874207,94.96380173857497,100.02208663561916,105.01943370379715,110.01215712347756,114.95841768551989,119.86211263341865,124.73787088159405,129.595727086194,134.47080364417133,139.42215096133583,144.40563082459522,149.36806168025106,154.2989130694713,159.2243570285879,164.13910094410286,169.0480424864751,173.94520531416555,178.86367698803335,183.756828706617,188.58109497223342,193.36521507776757,198.14522138501968,202.94181948428349,207.70768357743393,212.51521898862927,217.34311958881628,222.12908360719354,226.92598883204684,231.72943038865074,236.5133354972152,241.18561816059733,245.79898587586106,250.3498053771713,254.7773640309038,135.4138265303444
err,0,12,25,49,mean
path_err,3.2866298178738145,51.882882146120906,112.12944071482352,223.70574851471537,110.33362381541787
joint_err,6.020123716695677,51.8726357218524,75.22901443430871,96.8431903134543,67.48880690698736
all_joint_err,7.053791214889568,74.74083518967443,139.42215096133583,254.7773640309038,135.4138265303444
hik-simlpe-train,01/07/2026 02:10:11,====> Epoch: 58 elapse: 1174.42 train_losses=0.21207 train_loss_joints=0.07991 train_loss_root=0.13216 lr: 0.00009
hik-simlpe-train,01/07/2026 02:29:46,====> Epoch: 59 elapse: 1175.28 train_losses=0.21153 train_loss_joints=0.07992 train_loss_root=0.13161 lr: 0.00008
"
",result_dir='./results/hik-releaseV0.1' epoch=59,01/07/2026 02:40:28
err,0,1,2,3,4,5,6,7,8,9,10,11,12,13,14,15,16,17,18,19,20,21,22,23,24,25,26,27,28,29,30,31,32,33,34,35,36,37,38,39,40,41,42,43,44,45,46,47,48,49,mean
path_err,3.292307570404583,5.4103780672001704,8.195094210052542,11.671933044490254,15.535157415582821,19.53637631871276,23.76002764796037,28.215794947041946,32.791301436001106,37.44248797231995,42.215699535737805,47.006781001417785,51.73867610772137,56.44481083557356,61.119081577872855,65.78349117956667,70.40324410014087,74.98666816633752,79.49722453990329,83.97562404005673,88.44426972600505,92.94376921606651,97.47037643847214,102.01869129029619,106.54755090439035,111.128694234766,115.75296277098518,120.38656265390371,125.03380955506414,129.6608993445934,134.28078289543527,138.86434894042108,143.43317421604627,147.99186569672372,152.56575174270802,157.15473670217517,161.78476003469476,166.47367851655545,171.22123623995628,175.94287414859446,180.6908208917039,185.44805655814906,190.11798768651428,194.7512867385141,199.3907844924289,204.00914322947716,208.60182816923216,213.1451607619968,217.63159985637216,222.0477201695537,109.47914687071781
joint_err,5.9412662735184245,9.995590644646445,14.682085829979561,19.721117862958057,24.63313072236036,29.196778780746342,33.50186708886071,37.436220307532025,40.864852361087834,43.848389854476075,46.55684286420278,49.08316867399716,51.41221856096381,53.623787905919556,55.77527110001686,57.84625673145531,59.86403365154032,61.805421671884034,63.60412443269261,65.31884037258233,66.97299144963982,68.56352335376737,70.09470822365157,71.55812529332188,72.93854750066774,74.2790064420803,75.58785206169148,76.8458023293731,78.04490696277105,79.24705049111621,80.37640397770755,81.43720850903219,82.42963769120334,83.46058016869638,84.45224501481265,85.41822491436993,86.35764469076591,87.28850578903119,88.19405233003216,89.00172406825374,89.75743731182952,90.46161981760015,91.15634851589009,91.88169311596764,92.61200667478234,93.33426623408907,93.96430993583712,94.54266647494794,95.11264660966702,95.63529858236309,66.7143660045276
all_joint_err,6.866322009238478,11.590871395555387,17.11413486625916,23.258241050566898,29.584988113903126,35.71880197945273,41.78271349703463,47.6928236609153,53.27517948076729,58.58777833191426,63.84197086245252,69.06453672558173,74.19688909761342,79.26700698842106,84.3115308204695,89.32156736519974,94.30059696870487,99.22867621210385,104.04761394384222,108.8372330918462,113.61527980922692,118.42411559976863,123.2623953874342,128.08071420359732,132.85808701986892,137.68984175184872,142.56660287240015,147.4516206265148,152.32422740929323,157.21873127749365,162.0943533977537,166.94259062995846,171.7518546754802,176.57507802736902,181.3955082391247,186.1892047034917,190.97344061285327,195.7886106173439,200.6310138128536,205.4208499684991,210.2174822854119,215.00427267178634,219.74671117043246,224.49053346413353,229.2452651015025,233.98535401240397,238.64096067104273,243.2385085473541,247.77640605874925,252.20301114685032,133.95384204467368
err,0,12,25,49,mean
path_err,3.292307570404583,51.73867610772137,111.128694234766,222.0477201695537,109.47914687071781
joint_err,5.9412662735184245,51.41221856096381,74.2790064420803,95.63529858236309,66.7143660045276
all_joint_err,6.866322009238478,74.19688909761342,137.68984175184872,252.20301114685032,133.95384204467368
hik-simlpe-train,01/07/2026 03:00:11,====> Epoch: 60 elapse: 1172.34 train_losses=0.21109 train_loss_joints=0.07977 train_loss_root=0.13132 lr: 0.00007
hik-simlpe-train,01/07/2026 03:19:48,====> Epoch: 61 elapse: 1177.09 train_losses=0.21066 train_loss_joints=0.07971 train_loss_root=0.13096 lr: 0.00006
"
",result_dir='./results/hik-releaseV0.1' epoch=61,01/07/2026 03:30:32
err,0,1,2,3,4,5,6,7,8,9,10,11,12,13,14,15,16,17,18,19,20,21,22,23,24,25,26,27,28,29,30,31,32,33,34,35,36,37,38,39,40,41,42,43,44,45,46,47,48,49,mean
path_err,3.1232175244169293,5.457062376109758,8.164132580833583,11.487299096659493,15.28119779143937,19.322335909128807,23.61997509370403,28.131820663386357,32.73521906933584,37.38847579153235,42.1613000583511,46.99265393528274,51.82512113794768,56.662101778029815,61.45616164868263,66.21712872801245,70.93086754944237,75.63175453710042,80.28505880896796,84.92294695670437,89.56328552918781,94.23022234155458,98.90979633489255,103.60865725371056,108.30525617580649,113.0277610372182,117.77411413272452,122.51159993914952,127.26656330191533,132.01037125825846,136.75992730866267,141.4827900877696,146.19651540509292,150.8998222453238,155.5853259271808,160.26356540503718,164.9939680494376,169.80434080837455,174.68921268915554,179.54607433577908,184.41341646426608,189.25433659912187,193.96992718588345,198.63976553351915,203.3493387773395,208.08131526150868,212.81352414129861,217.4897994826293,222.04795322634135,226.42948145272973,111.31427717451875
joint_err,5.77154836653214,9.933769904431411,14.481576961997142,19.401995844707685,24.347393187757792,29.026550974296665,33.42002743900121,37.400286468650194,40.85697425007729,43.860377158243374,46.57458826557624,49.11412134519773,51.47753894338128,53.72889569294415,55.90013272764835,57.97385531362294,60.00175659570664,61.976693938557744,63.82234978958423,65.58237321161967,67.26114122433931,68.85212117316712,70.36962976138328,71.8183200367677,73.21187183136382,74.57461197349805,75.8988027640741,77.16232487503618,78.36828943154602,79.57447810550534,80.71555526690214,81.79757014865699,82.8166115684289,83.85943067669778,84.85076547375459,85.80656882894563,86.73582490391507,87.65447430472264,88.5497985449882,89.36560152149765,90.1535318046695,90.89373841218321,91.60147586721651,92.31522393578038,93.02181898506012,93.72717744400936,94.348936480531,94.93454696197058,95.5162538961878,96.04917531172168,66.92916955788108
all_joint_err,6.616019068577065,11.453666764313898,16.906556434325942,22.922538733739582,29.224997019807613,35.47442607188765,41.67975914856888,47.688435795386496,53.33097028417114,58.6729880533869,63.944051297778614,69.21580546606168,74.46157075481707,79.66340048264958,84.80903590056984,89.88552465932997,94.94747321777042,100.00410154767538,104.99144996159926,109.9785494054456,114.95787354519874,119.9377083593617,124.91597477706111,129.8731676152984,134.80846041550555,139.7776527166403,144.75703080942014,149.7260352304833,154.70446537302143,159.72895962618492,164.77043144863404,169.78962838767492,174.76171336625416,179.7261425398563,184.65054828586992,189.53236606486607,194.41648640724648,199.35196832834524,204.33277669711563,209.26301819161247,214.19249197176353,219.0757624883091,223.86966132407602,228.6526590218897,233.46191641951455,238.28986737706745,243.05253116904447,247.7594798612225,252.36416714402648,256.7575529269798,135.94259635914813
err,0,12,25,49,mean
path_err,3.1232175244169293,51.82512113794768,113.0277610372182,226.42948145272973,111.31427717451875
joint_err,5.77154836653214,51.47753894338128,74.57461197349805,96.04917531172168,66.92916955788108
all_joint_err,6.616019068577065,74.46157075481707,139.7776527166403,256.7575529269798,135.94259635914813
hik-simlpe-train,01/07/2026 03:50:17,====> Epoch: 62 elapse: 1174.41 train_losses=0.21052 train_loss_joints=0.07968 train_loss_root=0.13084 lr: 0.00006
hik-simlpe-train,01/07/2026 04:09:53,====> Epoch: 63 elapse: 1175.83 train_losses=0.20992 train_loss_joints=0.07959 train_loss_root=0.13032 lr: 0.00005
"
",result_dir='./results/hik-releaseV0.1' epoch=63,01/07/2026 04:20:41
err,0,1,2,3,4,5,6,7,8,9,10,11,12,13,14,15,16,17,18,19,20,21,22,23,24,25,26,27,28,29,30,31,32,33,34,35,36,37,38,39,40,41,42,43,44,45,46,47,48,49,mean
path_err,3.4038304150174716,5.666350384857441,8.383482027798324,11.663909124677765,15.431065409537815,19.432084906329465,23.706813914455953,28.222559877232456,32.85058301699015,37.49288436970148,42.19903989034553,46.91820736714653,51.60176815585948,56.30144495004724,60.99153962509916,65.68004790274065,70.33279700729192,74.95149335606159,79.50991593655654,84.02640150503046,88.50851964758552,92.99662969627201,97.50901934514019,102.06346241668118,106.62375184254631,111.22970920876337,115.86979298293816,120.51564762067368,125.17787420791326,129.8137569822379,134.43230063769252,139.00978261622737,143.58260991670787,148.15138046945452,152.73712206133195,157.3464062742469,162.00637897990825,166.74322885250433,171.56594600418094,176.3813696069171,181.21301473916944,186.03277961781387,190.7442961849896,195.38926466894156,200.03205557721597,204.6610268845853,209.2690476891553,213.8454366954803,218.38286672568108,222.88449100222817,109.66970376595924
joint_err,5.923366322694552,9.902538521966209,14.588840441661409,19.539234903043138,24.423268034798344,29.035298431414162,33.388351938080014,37.368316030705195,40.85203617598361,43.87943938662082,46.602178468582494,49.130343630980114,51.470826718604705,53.6858760790701,55.83255836402477,57.909355525314005,59.96203763092602,61.96265370265055,63.819702939410426,65.56926600441457,67.22589942789824,68.79949249987217,70.314739852161,71.78255715027458,73.20205800041677,74.59971338596556,75.95851754747324,77.2411001433248,78.4420569586801,79.63915863690669,80.77633082006246,81.86959622569621,82.90639263828952,83.97882766517856,84.99343279121386,85.95920627991346,86.88157718063144,87.78740679161687,88.68471619894831,89.5248312860288,90.34536249314085,91.11002248356252,91.81984522262617,92.51572974020543,93.19519934149213,93.8780482661994,94.48166059118114,95.06020620589814,95.6482435591477,96.18985796931159,66.99314553208525
all_joint_err,6.91802287184165,11.668106940964257,17.221551129809267,23.22141246499669,29.46775389050952,35.63767118650337,41.756903970337554,47.722163112162455,53.37800348426339,58.731030768454026,63.951625833575115,69.11087001263054,74.19693417470155,79.23625195176746,84.25250685227677,89.27097542092822,94.3253620147995,99.35994273966668,104.28997463521362,109.1612087812599,113.97152549498459,118.76282743037498,123.56801524638333,128.38458504978962,133.234083389841,138.16060627363606,143.11111618222264,148.04243297856587,152.9375954323528,157.83673209670175,162.72548333324391,167.61962652133965,172.4972253765239,177.39076368751867,182.2503535984099,187.06098087941453,191.84910481216298,196.68476318193595,201.59209522681473,206.5139032754288,211.46612931051402,216.3860116427366,221.2029710726759,225.96715239655407,230.70312783522837,235.43191664379395,240.09779799837705,244.75636547087464,249.38735784757574,253.92915638832494,134.52800156621927
err,0,12,25,49,mean
path_err,3.4038304150174716,51.60176815585948,111.22970920876337,222.88449100222817,109.66970376595924
joint_err,5.923366322694552,51.470826718604705,74.59971338596556,96.18985796931159,66.99314553208525
all_joint_err,6.91802287184165,74.19693417470155,138.16060627363606,253.92915638832494,134.52800156621927
hik-simlpe-train,01/07/2026 04:40:25,====> Epoch: 64 elapse: 1173.46 train_losses=0.20939 train_loss_joints=0.07954 train_loss_root=0.12985 lr: 0.00004
hik-simlpe-train,01/07/2026 05:00:02,====> Epoch: 65 elapse: 1177.53 train_losses=0.20890 train_loss_joints=0.07944 train_loss_root=0.12946 lr: 0.00004
"
",result_dir='./results/hik-releaseV0.1' epoch=65,01/07/2026 05:10:48
err,0,1,2,3,4,5,6,7,8,9,10,11,12,13,14,15,16,17,18,19,20,21,22,23,24,25,26,27,28,29,30,31,32,33,34,35,36,37,38,39,40,41,42,43,44,45,46,47,48,49,mean
path_err,3.2142206387957475,5.274520383981057,8.102873556203818,11.557837599788533,15.314733894006077,19.281431311415133,23.56410128895299,28.0894246113697,32.70010447958613,37.323729351758416,42.03354133794851,46.76974537959126,51.47826975465382,56.20199297902215,60.91318554273946,65.61582655624821,70.27073258180565,74.87572281488512,79.41297836949299,83.93453966609397,88.45896215320013,93.00540811728243,97.5695747750234,102.15401125070154,106.72025137298321,111.30362079781504,115.90177617778062,120.52055439349819,125.1887525763669,129.86377974336153,134.53303317570104,139.15528452807584,143.75692455624758,148.33682654132562,152.9397379933583,157.56998648489161,162.23741303169876,166.95584594759603,171.71741167728416,176.44629505988112,181.18745292361575,185.93894622913157,190.6267870724192,195.30414618396628,200.00461873774867,204.6927567257234,209.3309541002919,213.88038973409053,218.35983886379654,222.7810896868547,109.64743885420101
joint_err,5.765859875417629,9.976177807637505,14.562793395300437,19.51918829571529,24.434972465572667,29.042702872980296,33.391709404501796,37.37050077959028,40.8546343035945,43.89911279582702,46.65491959005662,49.207128334183075,51.555145884552836,53.766878270537745,55.906389009950736,57.97904707200439,60.03478126872946,62.04093450870291,63.901850575282026,65.6626892613343,67.33632433687983,68.9170071282044,70.42750607977304,71.88321078300041,73.2928947952449,74.67889245964622,76.02837650523398,77.31618775801172,78.53390913824056,79.74556783578475,80.88961661613706,81.97113775116497,82.98473549439831,84.02779931591702,85.02468980748029,85.99218530978064,86.92414651723496,87.83746602560245,88.7356203407742,89.56973707761071,90.36802782727635,91.10998379171592,91.8098412065806,92.51532335807407,93.21146063159038,93.90918824687553,94.52505880459303,95.1114978820715,95.6981931118921,96.23436460631214,67.04274732629148
all_joint_err,6.707368075254387,11.400927367081415,16.95427673395744,23.077159456579253,29.34355382597966,35.469972019481034,41.59501138800021,47.5884415860271,53.25200190534709,58.60209634394255,63.8425891485607,69.03450907662436,74.15779402074509,79.22579532625319,84.26104868423828,89.27431395125957,94.30138809560299,99.32080624477061,104.25094437081117,109.15704583020363,114.02399710945184,118.86480836914659,123.6987315925525,128.52342595012152,133.35649140463323,138.25179957778343,143.16888222160392,148.0827534512136,152.99718558579985,157.93935741955812,162.86778544205842,167.7670205206408,172.62344039006356,177.48935527668195,182.3542036196505,187.19102910289175,191.99486015017246,196.8169240961682,201.66832651524643,206.49222995423017,211.32459747014192,216.14895537529577,220.92409219772253,225.71290376211368,230.51869860175097,235.31646977404188,240.01931671385452,244.64868948536068,249.2089925647742,253.65272046149892,134.48930175213889
err,0,12,25,49,mean
path_err,3.2142206387957475,51.47826975465382,111.30362079781504,222.7810896868547,109.64743885420101
joint_err,5.765859875417629,51.555145884552836,74.67889245964622,96.23436460631214,67.04274732629148
all_joint_err,6.707368075254387,74.15779402074509,138.25179957778343,253.65272046149892,134.48930175213889
hik-simlpe-train,01/07/2026 05:30:32,====> Epoch: 66 elapse: 1174.00 train_losses=0.20829 train_loss_joints=0.07943 train_loss_root=0.12886 lr: 0.00003
hik-simlpe-train,01/07/2026 05:50:05,====> Epoch: 67 elapse: 1173.81 train_losses=0.20812 train_loss_joints=0.07936 train_loss_root=0.12877 lr: 0.00002
"
",result_dir='./results/hik-releaseV0.1' epoch=67,01/07/2026 06:00:45
err,0,1,2,3,4,5,6,7,8,9,10,11,12,13,14,15,16,17,18,19,20,21,22,23,24,25,26,27,28,29,30,31,32,33,34,35,36,37,38,39,40,41,42,43,44,45,46,47,48,49,mean
path_err,3.081998740412185,5.252099263823842,8.008726558194772,11.430094814752485,15.22517714651137,19.248648298273984,23.509514080936505,27.96559459875826,32.5275556989724,37.142797702261966,41.86022722047253,46.59525530893667,51.30394677354325,56.01582660662007,60.7075895233876,65.39724434133976,70.04039353864965,74.64603609887322,79.18679043073239,83.70204611564367,88.20749738444276,92.73041031893545,97.28758771393079,101.87653840140648,106.46334666826138,111.07769929571113,115.71276302015939,120.33964661620088,124.98369280861931,129.6256905430955,134.27229075967279,138.89870835082397,143.51682327127332,148.11250558831992,152.70475156762612,157.30104200420834,161.93130608297665,166.63388859227587,171.4203273284546,176.21706470749766,181.04448897772295,185.8612257484027,190.57099641845718,195.23064407456738,199.8889883443806,204.55007000799836,209.20172218239574,213.82216162059177,218.37675834096976,222.8407104351187,109.47097820071188
joint_err,5.780043199040248,9.829923469228524,14.47589591863289,19.443279528777264,24.340138303492683,28.947690958908638,33.29490288886015,37.25617962792151,40.72157922459127,43.75937624989156,46.5080976812261,49.05752877735508,51.41463414765187,53.63999891110855,55.78622348292985,57.85925349209595,59.920163321071186,61.942185149731166,63.82030225093559,65.59590416790739,67.27928866044563,68.8634623584188,70.36950199315295,71.8234881516413,73.23997498210703,74.6340717412186,75.98848265729184,77.2729398468457,78.48032948058203,79.6796673609663,80.81465054746639,81.90334276159635,82.9393502572191,84.00594345832411,85.02045833961233,85.98325329880424,86.8957604233064,87.78777706316949,88.67290526823221,89.50530543477316,90.31104723600392,91.05897580140848,91.7623968603328,92.46245536049202,93.1489200799267,93.84028045009143,94.46368674307386,95.06654824516437,95.66697645397502,96.21098013095192,66.97091044395904
all_joint_err,6.68749917463281,11.383318049470047,16.87878719209049,22.95457286786533,29.228572302215316,35.38968473731738,41.484504516971384,47.39603095006805,52.990219374229035,58.317404915688336,63.55935076579662,68.74946133830666,73.86980704253358,78.9193246361333,83.92531726701229,88.92173691734936,93.95225155663299,98.97927091469828,103.91836687345089,108.82024058743535,113.68885343333106,118.52959325077721,123.37435436654536,128.2107123142498,133.06587487979965,137.98091140240453,142.9150062950707,147.82623165267123,152.70932711397074,157.62073587744527,162.54056779795948,167.4658303165885,172.36505530558355,177.26224453466276,182.12500224992363,186.92592851044358,191.68673364465096,196.485705224237,201.35904360172543,206.2459330195769,211.15794223124016,216.0405176168806,220.81974650059695,225.56432683568218,230.30326774355453,235.06707760034553,239.79253929050077,244.50808193813683,249.16042493226917,253.66018664744502,134.25566956216332
err,0,12,25,49,mean
path_err,3.081998740412185,51.30394677354325,111.07769929571113,222.8407104351187,109.47097820071188
joint_err,5.780043199040248,51.41463414765187,74.6340717412186,96.21098013095192,66.97091044395904
all_joint_err,6.68749917463281,73.86980704253358,137.98091140240453,253.66018664744502,134.25566956216332
hik-simlpe-train,01/07/2026 06:20:27,====> Epoch: 68 elapse: 1172.03 train_losses=0.20819 train_loss_joints=0.07933 train_loss_root=0.12886 lr: 0.00001
hik-simlpe-train,01/07/2026 06:40:01,====> Epoch: 69 elapse: 1173.37 train_losses=0.20773 train_loss_joints=0.07925 train_loss_root=0.12848 lr: 0.00001
"
",result_dir='./results/hik-releaseV0.1' epoch=69,01/07/2026 06:50:54
err,0,1,2,3,4,5,6,7,8,9,10,11,12,13,14,15,16,17,18,19,20,21,22,23,24,25,26,27,28,29,30,31,32,33,34,35,36,37,38,39,40,41,42,43,44,45,46,47,48,49,mean
path_err,3.0266799798577484,5.189597980829562,7.890627454400805,11.26248336045725,15.058177712523019,19.088996530412413,23.345828570324752,27.826599909204642,32.42563229303848,37.059574103377145,41.78312786298218,46.54726185908779,51.29125026869676,56.02860258734529,60.72522353626026,65.41612062786075,70.07959054389853,74.73187768301727,79.33321595191956,83.91151428584939,88.47137251771197,93.02728678966037,97.59458709299302,102.1853015970231,106.77863445312414,111.41408227928648,116.08530005646448,120.74960945515154,125.43076222436693,130.10207749195618,134.7697384450559,139.41056887586507,144.0521197430614,148.68824187790148,153.33680506264108,157.9942475552074,162.6800312366987,167.41517528975342,172.20600996131938,176.97021411809675,181.7487495464678,186.51443751563673,191.19601484454344,195.84791498368244,200.53127759895216,205.23286305957788,209.93103455345133,214.58838714543964,219.146321608183,223.56312487955387,109.7936854992034
joint_err,5.680987544900069,9.785727893684868,14.360576212551072,19.312425358754453,24.213217204509398,28.825748004806094,33.18394513147215,37.16274155361858,40.641994371075086,43.6764694767291,46.404537658636336,48.93118316524751,51.2745659087969,53.500600552019094,55.65912371492553,57.74105740452117,59.79535509398454,61.79455892689376,63.64514869481411,65.39862659669107,67.06865833099445,68.65095753489322,70.16319152414391,71.6240750386566,73.0378222835044,74.4218023972496,75.76107158702189,77.03789927788807,78.24513156297014,79.44820323372264,80.58705445463363,81.67159893360204,82.69918415977897,83.75345728640461,84.75921660675283,85.72971156041612,86.66206270234416,87.57446285367212,88.47095560219636,89.30548127526082,90.10957616419981,90.85276301300937,91.55865892815456,92.2661025081067,92.96430239578163,93.66304069064594,94.2906254675772,94.89272878337026,95.4909577157392,96.03182058750252,66.79562329857649
all_joint_err,6.575165284479702,11.246449665727269,16.723884837077826,22.78514505519528,29.04872665550549,35.212371395888105,41.315683580752726,47.26569616963048,52.906527768839204,58.2543534133739,63.474654639642154,68.65191635363118,73.7730949922384,78.83966727163306,83.87192585170858,88.8877645069262,93.93307254626349,98.96878410193573,103.9173181994203,108.83264880541917,113.71488121754673,118.57696289422755,123.43853809898376,128.30140179114,133.17367041877222,138.1023344325541,143.05091390601046,147.98802678988272,152.90680927557165,157.85063884483247,162.79320028700957,167.72359032667873,172.6235946864818,177.5375688498079,182.4337505421148,187.2960291197191,192.1332255990794,196.9862827467096,201.87584376773506,206.73583155615933,211.60101214905782,216.42933627642898,221.1909633950067,225.95238698287824,230.73921383305753,235.5482375580133,240.31649795532806,245.05430286985964,249.69514612549435,254.13734861065817,134.40784784004177
err,0,12,25,49,mean
path_err,3.0266799798577484,51.29125026869676,111.41408227928648,223.56312487955387,109.7936854992034
joint_err,5.680987544900069,51.2745659087969,74.4218023972496,96.03182058750252,66.79562329857649
all_joint_err,6.575165284479702,73.7730949922384,138.1023344325541,254.13734861065817,134.40784784004177
"
",result_dir='./results/hik-releaseV0.1' epoch=70,04/07/2026 00:46:57
err,0,1,2,3,4,5,6,7,8,9,10,11,12,13,14,15,16,17,18,19,20,21,22,23,24,25,26,27,28,29,30,31,32,33,34,35,36,37,38,39,40,41,42,43,44,45,46,47,48,49,mean
path_err,3.0233926777871543,5.187032669567533,7.885083767318414,11.257110555005136,15.05063746117147,19.078765307320882,23.336872931690387,27.819902390862033,32.421193166700036,37.055384252792685,41.77967511381246,46.5480148919066,51.294629112092075,56.03411169675976,60.728280617824495,65.41833074109893,70.08615499335461,74.74124812007476,79.3418617546332,83.91516782595853,88.46689044949204,93.02207596159656,97.5911002031595,102.18804049430294,106.78386643852728,111.41510694299747,116.08380713265024,120.74941023561553,125.42811967630622,130.10034330563965,134.76329113534655,139.39972770483982,144.03264081653828,148.65761796965495,153.28802196219814,157.93101726160134,162.6107760284324,167.34488365262897,172.13295710121238,176.89389341816934,181.6679907232736,186.4254215154545,191.09720832181003,195.73528543646765,200.40346820418586,205.09431037365204,209.7861536040782,214.43440501694622,218.9974954218474,223.41429740711288,109.75884947926939
joint_err,5.680198461505675,9.786274125059403,14.362754464113246,19.316268033340805,24.21760873362714,28.830037268167064,33.188204707988504,37.16508676226497,40.6430275756127,43.67657668085885,46.404502172996125,48.93173076084475,51.27705293773355,53.50408975140807,55.661865659912856,57.7439822255433,59.797875022765005,61.795123445645345,63.64290988421734,65.394213289824,67.06251081969668,68.64249146540755,70.15230104637406,71.61138357860378,73.02302171024321,74.40386777082813,75.74073334737238,77.01644433195007,78.22338837545487,79.42613222518965,80.56453288353208,81.64905954722376,82.6772660800451,83.73338250363241,84.74047931924162,85.71377190534983,86.64758978707326,87.56112449166623,88.45902934767813,89.29514450208882,90.10012517347106,90.84376772021363,91.55113455952527,92.26013029659615,92.96067575972921,93.66208594759408,94.29163872842422,94.89526341632043,95.4954314242741,96.03767174207916,66.78921923540615
all_joint_err,6.5729664784400885,11.246006751862943,16.721875824984075,22.783473208761745,29.04703191050895,35.209066446945855,41.30986168054512,47.25580299413235,52.89556085836958,58.24254809351899,63.46563978355319,68.64702548956802,73.77241083851449,78.84309957897277,83.87578611514468,88.89463610461446,93.94244113567662,98.98135505753653,103.93018292141728,108.84438381063197,113.71998120506309,118.57567790286046,123.43411361567972,128.29686000959035,133.16656314680014,138.089895918637,143.03499223830545,147.96916811938272,152.88622076615357,157.82911184982152,162.76473606670723,167.68983630057326,172.58229434644176,177.48861349275674,182.37334295095164,187.22228495985192,192.05049679754282,196.90044915996737,201.78811004179587,206.64522539534988,211.50780613526368,216.33070479988453,221.0821881697834,225.82857354472355,230.6002641481354,235.39902344787578,240.15902570815203,244.8869713750079,249.53062692650036,253.9707597239259,134.3657014669437
err,0,12,25,49,mean
path_err,3.0233926777871543,51.294629112092075,111.41510694299747,223.41429740711288,109.75884947926939
joint_err,5.680198461505675,51.27705293773355,74.40386777082813,96.03767174207916,66.78921923540615
all_joint_err,6.5729664784400885,73.77241083851449,138.089895918637,253.9707597239259,134.3657014669437
"
",result_dir='./results/hik-releaseV0.1' epoch=71,04/07/2026 01:03:39
err,0,1,2,3,4,5,6,7,8,9,10,11,12,13,14,15,16,17,18,19,20,21,22,23,24,25,26,27,28,29,30,31,32,33,34,35,36,37,38,39,40,41,42,43,44,45,46,47,48,49,mean
path_err,3.085008000876019,5.23566510293408,7.9885536934707755,11.392911766197088,15.202117323322945,19.19954112757667,23.437866977039686,27.891915514012307,32.44647454561533,37.05241342180316,41.776959366429594,46.54314834157523,51.26538922079898,55.970681404708785,60.64769164658375,65.31464631951266,69.93167540925992,74.5267937147514,79.07216430000214,83.59267317294133,88.09405803915904,92.60984164768938,97.15837669524717,101.73761360986927,106.30907397052108,110.90603557297423,115.53148624835778,120.1499731521479,124.77276603640475,129.3853960796577,134.00920421731922,138.61566015768696,143.22780553846442,147.84860747723826,152.48016708075792,157.11147648243715,161.76173749837338,166.45720962006493,171.20927459942573,175.94085153955908,180.69426951084506,185.45802785096387,190.1473253263454,194.8029245581784,199.47221701747648,204.12816805347558,208.7598218053439,213.34453192258601,217.87007749669368,222.3180760422153,109.27772690433784
joint_err,5.7429932606943,9.83994886621011,14.458086802964514,19.45122943979106,24.340088908441558,28.911741331271752,33.24707519037168,37.21596874594417,40.67521676468715,43.6869831165632,46.40525304570131,48.92593831426194,51.24911141058645,53.44904541443989,55.581600189462584,57.63397089001474,59.65501986146245,61.62479820539118,63.45986351291562,65.19998529638097,66.85076245709477,68.41369180435866,69.91151913993718,71.35609688503078,72.74359748131995,74.10155863697416,75.42739055236773,76.69580176579085,77.89457746415022,79.08772893307727,80.21459747386041,81.28871781506123,82.30480155472407,83.3536685645227,84.35547857222234,85.32283825454805,86.25008382979831,87.1552725255607,88.0461598109228,88.86872075499237,89.65700565002516,90.390662684337,91.09728379083647,91.81744065840472,92.52824268520757,93.23186451242861,93.85136954963,94.43688043941573,95.01603838521068,95.54680365411875,66.55941149706972
all_joint_err,6.632891275716614,11.364742779537929,16.868132848251268,22.95205264246549,29.208891126562843,35.32883412134066,41.41317759218087,47.34437527889865,52.94244426341246,58.24349521956641,63.45336413405221,68.63275266784137,73.74081236126756,78.78750675881349,83.79507568392995,88.768598310963,93.73924555051764,98.69567898880872,103.57201316765676,108.42866208158063,113.25276096329793,118.06963265730136,122.90600911767771,127.73913790835125,132.56159299341238,137.42979612417125,142.3215615117175,147.20658891162256,152.07142287194773,156.96099156432012,161.8521881400588,166.73096747696172,171.58260651226013,176.45648666617174,181.31985392292987,186.145099421943,190.93858985584967,195.7512439121466,200.5941831237765,205.40605559028077,210.2314772132754,215.04649466030722,219.81555072211725,224.5882370428118,229.3698449135551,234.13838839896852,238.82557878087056,243.46388351806772,248.03811823446833,252.49557791464852,133.74445334997307
err,0,12,25,49,mean
path_err,3.085008000876019,51.26538922079898,110.90603557297423,222.3180760422153,109.27772690433784
joint_err,5.7429932606943,51.24911141058645,74.10155863697416,95.54680365411875,66.55941149706972
all_joint_err,6.632891275716614,73.74081236126756,137.42979612417125,252.49557791464852,133.74445334997307
"
",result_dir='./results/hik-releaseV0.1' epoch=72,04/07/2026 01:14:35
err,0,1,2,3,4,5,6,7,8,9,10,11,12,13,14,15,16,17,18,19,20,21,22,23,24,25,26,27,28,29,30,31,32,33,34,35,36,37,38,39,40,41,42,43,44,45,46,47,48,49,mean
path_err,3.001346162287837,5.223879052017294,7.951869088304457,11.359050207642722,15.16736630515077,19.169896394987994,23.407381010388843,27.868280395278994,32.44295774251019,37.077631824575576,41.82281541780867,46.59915908711458,51.33336318732938,56.05226576717732,60.73568074142764,65.41005319020901,70.04246431323755,74.65573221494897,79.21398314566004,83.74431713466821,88.25359185892948,92.7739729726954,97.31649292799645,101.88607610914957,106.44757101880329,111.05340333391406,115.6997580221043,120.34400112450331,124.99751941970445,129.64081295064437,134.2722223334319,138.87276981507657,143.46713996951547,148.0557372950073,152.65192256983136,157.26130134772066,161.91259939933943,166.61604077343955,171.37631611374078,176.11702038984208,180.87745537929595,185.64472572000315,190.3221941505082,194.96780250811898,199.62543818820595,204.2757786709638,208.90656104114638,213.4910467873408,218.00445457882222,222.41597268161505,109.39654383668274
joint_err,5.723082869022274,9.806560381597127,14.424023306617945,19.413376136167383,24.31226402063751,28.89218253941544,33.21847171066851,37.17333745438356,40.63024530021674,43.641990657780894,46.35842487979055,48.87854380912648,51.209050160631044,53.42115801693259,55.56901473347638,57.63913506505845,59.66976002399872,61.63744782626203,63.46125414153758,65.194341793482,66.85633611179126,68.43961995163508,69.95803365010364,71.42108854525105,72.8199106185854,74.17920136266957,75.49921185788078,76.76308984869502,77.96676002942108,79.17219710158027,80.31097700704179,81.39002720756456,82.40552578739003,83.45025017927743,84.44771593128941,85.4171302937715,86.35430003784833,87.27455467932167,88.17646349840406,88.99910088423049,89.78097503298667,90.50760794837974,91.21175374580433,91.93101206044625,92.64691134858433,93.35781495959867,93.98704821569655,94.57586049272774,95.1558834259098,95.68323729121926,66.60826527863817
all_joint_err,6.57609684536874,11.324796315620526,16.80787558537308,22.894447391164682,29.16373019250326,35.28913011206372,41.360806746787894,47.28121986017457,52.88530733787874,58.20814235615089,63.438560644411204,68.63165382211503,73.75356733409527,78.81588702903949,83.84351312996424,88.84504029425132,93.84888374339917,98.82889012583229,103.71465444601047,108.5713425318062,113.39958056257301,118.2258799162666,123.06878081644729,127.90634706922079,132.72562013029636,137.598599965151,142.50611127681816,147.41164473048315,152.30509979785384,157.22319194383306,162.1258870806489,167.00764109780044,171.85138129043173,176.70610155347018,181.55101267260054,186.36706822405034,191.1691558015073,195.9969076663233,200.85962386392856,205.68523351190808,210.51438150752227,215.32692503121245,220.07986188134132,224.83270180259788,229.59781116925552,234.3647781068332,239.06519827446374,243.7186073412777,248.2933783273968,252.7156842550125,133.88567485025072
err,0,12,25,49,mean
path_err,3.001346162287837,51.33336318732938,111.05340333391406,222.41597268161505,109.39654383668274
joint_err,5.723082869022274,51.209050160631044,74.17920136266957,95.68323729121926,66.60826527863817
all_joint_err,6.57609684536874,73.75356733409527,137.598599965151,252.7156842550125,133.88567485025072
"
",result_dir='./results/hik-releaseV0.1' epoch=73,04/07/2026 01:25:26
err,0,1,2,3,4,5,6,7,8,9,10,11,12,13,14,15,16,17,18,19,20,21,22,23,24,25,26,27,28,29,30,31,32,33,34,35,36,37,38,39,40,41,42,43,44,45,46,47,48,49,mean
path_err,3.164805152068981,5.200908675703791,7.98322837712047,11.410352577963529,15.247306932098434,19.28608700046603,23.561370701544227,28.049156959613683,32.63623783778971,37.277583534948334,42.01448351131205,46.77530579736504,51.50024267500828,56.218676691340775,60.899054681687815,65.57243936983146,70.1892066284473,74.78752169379382,79.3397164402753,83.87256458870384,88.3811546973301,92.89361832442934,97.43174597623228,101.99902695628434,106.55039492720005,111.13839037348446,115.74693773858291,120.36179691041391,124.9876152307968,129.59566069779615,134.1985092031215,138.77521513479672,143.34722053242064,147.92618787210776,152.52439995845242,157.12669637134022,161.74805903394903,166.4092125292698,171.11355960233254,175.80104116030583,180.52249075413258,185.27165981361412,189.9653893621329,194.6342541913895,199.30326186891494,203.9314621470471,208.51321842438216,213.04634332548176,217.5394592178645,222.0031959618176,109.35546856249013
joint_err,5.803993165089971,9.907696418189076,14.502343908348555,19.485346211015482,24.407295690465347,29.004412182575482,33.34299330607389,37.306151076157285,40.76366955486588,43.782432714035366,46.51384577981572,49.03959279237158,51.35525322181442,53.54238420955824,55.66754224832579,57.71361715053465,59.73155075357852,61.70161259317449,63.539324610487995,65.28321627225762,66.93279490954896,68.49262642291627,69.99105934204799,71.44076090383595,72.83692526755733,74.20259333276364,75.5287650698062,76.79136412391146,77.98446434787877,79.1731303159525,80.29772907998166,81.36936457500217,82.38445714403659,83.43277693410681,84.42894938035208,85.3866541970738,86.29960838811157,87.19195103757633,88.07416999073779,88.89401467117092,89.68654983657017,90.42369438112551,91.1291940942975,91.84238749821304,92.54367327802433,93.23507658780626,93.84862728311631,94.4356985538496,95.02199057151691,95.558659779665,66.62507970314577
all_joint_err,6.70652515034856,11.41360133564811,16.881200642439754,22.960439568920133,29.276145084653105,35.44765665771715,41.556789454419715,47.50120677387908,53.11347322068376,58.435793180919276,63.6599400524962,68.8413775151958,73.94932881801473,79.00449427549754,84.03100957082155,89.02938562293778,94.01616287021321,98.98720202774213,103.87364273066942,108.74516540811953,113.57843456542197,118.3953093207185,123.23033367676352,128.05923360800819,132.86853160852357,137.72417339324372,142.59919492040174,147.4830268491204,152.35091088988682,157.24047018100998,162.11575484351897,166.96886852544378,171.789032948124,176.63434069491035,181.47099753531836,186.2718686925624,191.04012914421963,195.82172585664014,200.63211192948498,205.41664400536897,210.22412867880107,215.03271563512143,219.8048511947692,224.5796119128837,229.3462752209049,234.07878413459048,238.71555320761192,243.31101301031225,247.86314223787556,252.33994485251972,133.88835306470833
err,0,12,25,49,mean
path_err,3.164805152068981,51.50024267500828,111.13839037348446,222.0031959618176,109.35546856249013
joint_err,5.803993165089971,51.35525322181442,74.20259333276364,95.558659779665,66.62507970314577
all_joint_err,6.70652515034856,73.94932881801473,137.72417339324372,252.33994485251972,133.88835306470833
